Sitios Arqueologicos,Algarrobo A,Calle. A,San Juan de Lurigancho,Sin horario de atención,,,,,-11.9743981,-76.80768,Vehicular por la Av. Laureles,3520m²,650,"Milla, Carlos (1974)."
Sitios Arqueologicos,Año Nuevo,Av. Túpac Amaru,Comas,Sin horario de atención,,,,,-11.9214581,-77.0412954,Vehicular por la Av. Túpac Amaru,2548m²,,-
Sitios Arqueologicos,Aznapuquio,Av. las Palmeras y Av. Alisos,Los Olivos,Sin horario de atención,,,,,-12.0986486,-76.8681781,Vehicular por la Av. Palmeras y la Av. Alisos,400m²,60,"Auguro Calvo S. y Pazos Miguel, (1982). Junta Deliberante Metropolitana 
(1962-1963). Carlos Milla V (1974). Roger Ravines (1985)"
Sitios Arqueologicos,Catalina Huanca,Av. Carretera Central,Ate Vitarte,Sin horario de atención,,,,,-12.1106847,-76.8252916,Vehicular por la Carretera Central,150000m²,375,"Auguro Calvo S. y Pazos Miguel, (1982). Junta Deliberante Metropolitana 
(1962-1963). Carlos Milla V (1974). Roger Ravines (1985)"
Sitios Arqueologicos,Cerro Canto Chico,Av. Canto Grande,San Juan de Lurigancho,Sin horario de atención,,,,,-12.0046153,-77.024246,Por la av. Canto Grande,10000m²,443,Inventario Rogger Ravines (1985) Inventario de Carlos Milla Villena (1974)
Sitios Arqueologicos,Cerro el Respiro,Av. Chillón,San Martin de Porres,Sin horario de atención,,,,,-11.9474014,-77.0972239,Por la Av. Chillón,10000m²,72,-
Sitios Arqueologicos,Cerro la Regla,Calle. 8,San Martin de Porres,Sin horario de atención,,,,,-11.9911889,-77.1201357,Por la Av. Carlos Izaguirre,6500m²,32,Roger Ravines (1985).
Sitios Arqueologicos,cerro Pro III,Av. Los próceres,Los Olivos,Sin horario de atención,,,,,-11.9420153,-77.0801377,-,4800m²,,-
Sitios Arqueologicos,Chacra cerro I,Av. Héroes del Alto Cenepa,Comas,Sin horario de atención,,,,,-11.9067638,-77.054741,Por la Av. Héroes del Alto Cenepa,10465m²,,-
Sitios Arqueologicos,Chontay Viejo,Carretera Cieneguilla,Cieneguilla,Sin horario de atención,,,,,-12.0398832,-76.7079241,Vehicular por la Carretera de Cieneguilla a Huarochirí,60000m²,700,Uni-Ford( 1988).
Sitios Arqueologicos,Con con A,Carretera 3,Carabayllo,Sin horario de atención,,,,,-11.8793507,-77.0222513,Vehicular la Av. Túpac Amaru,567m²,,-
Sitios Arqueologicos,Condevilla Señor 2,Av. Jose Granda,San Martin de Porres,Sin horario de atención,,,,,-12.0231988,-77.0831101,Por la av. Jose Granda con la av. Universitaria,5000m²,68,Inventario Rogger Ravines (1985)
Sitios Arqueologicos,Conjunto Maranga,Av. Universitaria,Cercado de Lima,Sin horario de atención,,,,,-12.0666199,-77.0850979,"Por la av. Universitaria, Parque de las leyendas",260000m²,66,Carlos Milla Villena (1975). Junta Deliberante Metropolitana (1962-1963).
Sitios Arqueologicos,Conjunto Palao B,Av. Jose Granda,San Martin de Porres,Sin horario de atención,,,,,-12.0285574,-77.0625386,Por el cruce de la panamericana con av. Jose Granda,53233m²,107,Inventario Rogger Ravines (1985) Inventario de Carlos Milla Villena (1974)
Sitios Arqueologicos,Corpus I,"Calle. Santa Justina, con Santa María de Paredes",Cercado de Lima,Sin horario de atención,,,,,-12.06007,-77.3201519,Vehicular por la Av. Venezuela cdra. 30.,5500m²,80,"Augurto Calvo S. y Pazos Miguel, (1982). Corbacho Carillo Susana (1970). 
Uni-Ford (1988)."
Sitios Arqueologicos,El Cascajal,Av. Alfon de Molina,San Juan de Lurigancho,Sin horario de atención,,,,,-12.1163239,-76.9694507,Por la av. Angamos Este,2500m²,155,Rogger Ravines (1985).
Sitios Arqueologicos,El Pacifico A,Av. Angélica Gamarra,Los Olivos,Sin horario de atención,,,,,-12.0030073,-77.0807974,Por la av. Angélica Gamarra,m²,112,Abel Traslaviña y Natalia Haro (2007)
Sitios Arqueologicos,Fortaleza de Campoy,Av. Avenida B,San Juan de Lurigancho,Sin horario de atención,,,,,-12.0180391,-76.9759682,Por la av. Campoy,14000m²,282,Inventario Rogger Ravines (1985)
Sitios Arqueologicos,Gallinazos,Carretera 3,Puente Piedra,Sin horario de atención,,,,,-11.9010937,-77.065078,"Vehicular por la Carretera Panamericana Norte Km 26, paradero 3 ruedas",1200m²,,Municipalidad Metropolitana de Lima (2001).
Sitios Arqueologicos,Hca San Roque de Garagay,Av. Jose Vera,San Martin de Porres,Sin horario de atención,,,,,-12.0157999,-77.0741933,Por la av. San German,3500m²,69,Inventario Rogger Ravines(1985)
Sitios Arqueologicos,Huaca 23,Calle. Los Cedros,San Miguel,Sin horario de atención,,,,,-12.0619786,-77.0845478,"Vehicular por la Av. Venezuela, cdra. 37",2442m²,,"Junta Deliberante Metropolitana (1962-1963).Asencios lindo, Gerbert (2009)."
Sitios Arqueologicos,Huaca 26,Av. Los Nogales,San Miguel,Sin horario de atención,,,,,-12.0637047,-77.0857732,"Vehicular por la Av. Venezuela, cdra. 38",6930m²,,"Junta Deliberante Metropolitana (1962-1963). Asencios lindo, Gerbert (2009)."
Sitios Arqueologicos,Huaca Aliaga,"Av. Túpac Amaru , cdra. 10",Rímac,Sin horario de atención,,,,,-12.0142775,-77.0514674,"Vehicular por la Av. Túpac Amaru, cdra. 10.",2275m²,120,Municipalidad Metropolitana de Lima (2001).
Sitios Arqueologicos,Huaca Balconcillo,"Jr. Casimiri de la Puente, con Jr. Antonio de la Guerra.",La victoria,Sin horario de atención,,,,,-12.080334,-77.0209471,"Vehicular por la Av. Canadá, cdra. 5.",3500m²,145,"Augurto Calvo S. y Pazos Miguel, (1982). Milla V. (1974). Rogger Ravines 
(1985). Uni-Ford (1988)"
Sitios Arqueologicos,Huaca Canto Chico,"Av. Canto grande, cdra. 15",San Juan de Lurigancho,Sin horario de atención,,,,,-12.0024056,-77.017353,"Vehicular por la Av. Las Flores, cdra. 15",10000m²,226,Roger Ravines (1985).
Sitios Arqueologicos,Huaca Collique I,"Av. Túpac Amaru, cdra. 40",Comas,Sin horario de atención,,,,,-11.930003,-77.0457466,"Vehicular por la Av. Túpac Amaru, cdra. 40",2000m²,,Uni-Ford( 1988).
Sitios Arqueologicos,Huaca Covil,Av. Angamos Este,Santiago de Surco,Sin horario de atención,,,,,-12.1130274,-76.9944005,Cruce de la av. Angamos con el jr. Intihuatana,1100m²,139,Inventario Rogger Ravines (1985)
Sitios Arqueologicos,Huaca de Retablo,Av. El Retablo,Comas,Sin horario de atención,,,,,-11.9354554,-77.0627312,av. Túpac Amaru,200m²,110,-
Sitios Arqueologicos,Huaca Don Carlos 2,Carretera Las Huacas,Comas,Sin horario de atención,,,,,-11.9004927,-77.045856,"Vehicular por la Av. San Felipe, cdra. 5",2120m²,,"Agurto Calvo, y M. Pazos (1982). Uni-Ford (1988)."
Sitios Arqueologicos,Huaca Granados I,Av. Cdra. 11 de constructores.,La Molina,Sin horario de atención,,,,,-12.0601528,-76.947211,Po la av. Constructores,18400m²,271,Rogger Ravines (1985).
Sitios Arqueologicos,Huaca Grande,Av. Nueva Toledo,Cieneguilla,Sin horario de atención,,,,,-12.1080137,-76.8107969,Por la AV. Nueva Toledo,m²,308,-
Sitios Arqueologicos,Huaca Huantille,"Jr. Ayacucho (Puente y Cortez), con Jr. Castilla",Magdalena del mar,Sin horario de atención,,,,,-12.0851267,-77.0721638,Vehicular por la Av. Sucre cdra. 12.,6000m²,75,Rogger Ravines (1985). Uni-Ford (1989).
Sitios Arqueologicos,Huaca Juan XXIII,Av. La Marina,San Miguel,Sin horario de atención,,,,,-12.0819583,-77.0777046,Cruce de la av. Universitaria con av. La Marina,600m²,67,Inventario Rogger Ravines (1985)
Sitios Arqueologicos,Huaca La Florida,Carretera 11,Rímac,Sin horario de atención,,,,,-12.022052,-77.0351556,"Vehicular por la Av. Coronel Samuel Alcanzar, cdra. 11",20000m²,62,Roger Ravines (1985). Municipalidad Metropolitana de Lima (2001).
Sitios Arqueologicos,Huaca Lechuza,Jr. Panamá,Chorrillos,Sin horario de atención,,,,,-12.1743176,-77.0239704,"Vehicular por la Av. Defensores del Morro, cdra.10",11655m²,40,"Milla, Carlos (1974). Rogger Ravines (1985)."
Sitios Arqueologicos,Huaca Palomino,Av. Venezuela con Cl. 3,Cercado de Lima,Sin horario de atención,,,,,-12.0587689,-77.0701705,Vehicular por la Av. Venezuela cdra. 27.,3500m²,91,"Junta Deliberante Metropolitana (1962-1963). Seminario de Arqueología del 
Instituto Riva Agüero (1964). Equipos técnicos. Carlos Milla V (1974). 
Rogger Ravines (1985). Uni-Ford (1988)."
Sitios Arqueologicos,Huaca Pueblo Libre,Av. Bolívar,Magdalena Vieja,Sin horario de atención,,,,,-12.0753918,-77.0552559,Cruce de la av. Brasil con la av. Bolívar,1000m²,102,Inventario Rogger Ravines (1985)
Sitios Arqueologicos,Huaca Santa Catalina,"Av. Santa Catalina, con psje Pascual Saco Oliveros.",La Victoria,8:00 am - 5:00 pm,,,,,-12.0871776,-77.0182249,"Vehicular por la Av. Santa Catalina, cdra. 6.",7250m²,138,"Augurto Calvo S. y Pazos Miguel, (1982). Ghersi Barrera H (1972). Carlos 
Milla V (1974). Rogger Ravines (1985). Uni-Ford (1988)."
Sitios Arqueologicos,Huaca Señor de los Milagros,Av. Evitamiento,El Agustino,Sin horario de atención,,,,,-12.0441858,-76.9863612,Por la Av. Evitamiento,2800m²,243,Rogger Ravines (1985).
Sitios Arqueologicos,Huaca Tres Palos,"Av. José de la Riva Agüero, con Av. Mcal José de la Mar.",San Miguel,Sin horario de atención,,,,,-12.0728816,-77.0840995,Vehicular por la Av. De los Precursores cdra. 1.,3000m²,81,"Rogger Ravines (1985). Santiago Augurto y Juan Gunther (1976). María 
Rostowroski (1973). Junta Deliberante Metropolitana (1962-1963). Uni-Ford 
(1988)."
Sitios Arqueologicos,Huacas la Calera,Carretera Claudio Galeno,Surquillo,Sin horario de atención,,,,,-12.1072882,-77.0056643,Por la av. Angamos Este,14000m²,136,Inventario Rogger Ravines(1985). Carlos Milla Villena (1975).
Sitios Arqueologicos,Huantinamarca,Av. Brígida Silva,San Miguel,Sin horario de atención,,,,,-12.0362979,-76.8856711,Vehicular por la Avenida la Marina o la Paz,1500m²,425,"Pedro Villar Córdova (1935). Luis Felipe Villacorta (2001-2004-2005). Julio 
C. Tello (1999). Roger Ravines (1985)"
Sitios Arqueologicos,Huaycán de Cieneguilla,Carretera Cieneguilla,Cieneguilla,Sin horario de atención,,,,,-12.0832167,-76.766221,Vehicular por la Carretera a Cieneguilla,171864m²,,"Marcone Flores, Giancarlo (2004). Talavera, Lizardo (2010)"
Sitios Arqueologicos,Huertas de Naranjal,Psje.32,San Martin de Porres,Sin horario de atención,,,,,-11.9624395,-77.0864348,Por la Av. Canta Callao,704m²,,-
Sitios Arqueologicos,La luz II,"Jr. Venus, con Cl. Marte.",Cercado de Lima,Sin horario de atención,,,,,-12.0668246,-77.0722067,"Vehicular por Av. Mariano Cornejo, cdra. 19.",450m²,81,"Augurto Calvo S. y Pazos Miguel, (1982). Junta Deliberante Metropolitana 
(1962-1963). Carlos Milla V (1974). Rogger Ravines (1985). Uni-Ford (1989)."
Sitios Arqueologicos,La Pirka,"Av. Javier Prado, cdra. 78",Ate,Sin horario de atención,,,,,-12.0513121,-76.9369816,"Vehicular por la Av. Javier Prado, cdra. 78",4000m²,320,"Milla Villena, Carlos (1974). Uni-Ford( 1988)."
Sitios Arqueologicos,La Quipa,Av. Pucusana,Pucusana,Sin horario de atención,,,,,-12.4748734,-76.7712448,Al pie de los cerros Quipa y Pucusana,m²,50,Municipalidad de Lima Metropolitana- 2002
Sitios Arqueologicos,La Viñita,Av. Paseo de la Republica,Barranco,Sin horario de atención,,,,,-12.1347746,-77.0216689,Se llega por la Av. Paseo de la Republica,m²,77,Uni-Ford( 1988).
Sitios Arqueologicos,Las Salinas,Calle. 6,El Agustino,Sin horario de atención,,,,,-12.0260936,-76.9591136,Vehicular por la Av. Ricardo Palma.,520000m²,288,Milla V. (1974). Williams L. (1971). Uni-Ford (1989).
Sitios Arqueologicos,Lindero 3,Carretera Cieneguilla,Cieneguilla,Sin horario de atención,,,,,-12.041921,-76.7131902,Vehicular por la Carretera de Cieneguilla a Huarochirí,900m²,700,Uni-Ford( 1988).
Sitios Arqueologicos,Los Sauces,Av. 1,Ate,Sin horario de atención,,,,,-12.058157,-76.933991,Vehicular por la Av. Javier Prado.,400m²,300,Uni-Ford( 1988).
Sitios Arqueologicos,Manchay Bajo,CarreteraAv. Luis Felipe de las Casas,Pachacamac,Sin horario de atención,,,,,-12.1764481,-76.8652382,Vehicular por la Av. Luis Felipe de las Casas,105000m²,130,"Auguro Calvo S. y Pazos Miguel, (1982). Scheele, Harry (1979). Williams 
León Carlos (1978-89). Uni-Ford (1988)"
Sitios Arqueologicos,Mayorazgo,"Av. Huarochirí, cdra. 2.",Ate,Sin horario de atención,,,,,-12.053057,-76.9459936,"Vehicular por Av. Separadora Industrial, cdra. 11.",3000m²,317,"Milla Villena, Carlos (1974). Ravines, Rogger (1985). Uni-Ford (1988)."
Sitios Arqueologicos,Melgarejo B,"Av. La Fontana, cdra. 7",La Molina,Sin horario de atención,,,,,-12.071512,-76.9449604,"Vehicular por la Av. Separadora industrial, cdra. 10",8000m²,254,Milla Carlos (1974). Ravines Rogger (1985).
Sitios Arqueologicos,Mina perdida,Av. Fernando Reusche (Pelicano),Pachacamac,Sin horario de atención,,,,,-12.2223117,-76.854486,Vehicular por la carretera Lurín-Cieneguilla,250000m²,85,"Julio C. Tello y Casafranca (1959). Duccio Bonavia 1965- (1966). Scheele. 
Carlos Williams (1971, 1978-1980). Augurto Calvo (1982). Richard Burguer 
(2009). Uni-Ford (1988)."
Sitios Arqueologicos,Monterrey,Av. 10 de Abril,Ate,Sin horario de atención,,,,,-12.035662,-76.9021222,Vehicular por la Av. Alfonso Ugarte,10750m²,390,"Milla, Carlos (1974). Villacorta, Luis Felipe (2001)."
Sitios Arqueologicos,Montículo 17-Maranga,Av. Riva Agüero,Cercado de Lima,Sin horario de atención,,,,,-12.0640431,-77.0828282,Por la av. Riva Agüero,375m²,70,Carlos Milla Villena (1975). Junta Deliberante Metropolitana (1962-1963).
Sitios Arqueologicos,Montículo 20-Maranga,Av. Jose de La Riva Agüero,Cercado de Lima,Sin horario de atención,,,,,-12.0659543,-77.0810523,Por la av. Riva Agüero,700m²,69,Carlos Milla Villena (1975). Junta Deliberante Metropolitana (1962-1963).
Sitios Arqueologicos,Murallas d Tungasuca,Av. La Unión,Comas,Sin horario de atención,,,,,-11.8965626,-77.0406598,Por la av. Universitaria,550m²,179,-
Sitios Arqueologicos,Naranjal Norte 1,"Carretera 50, con Cl. 50",Los Olivos,Sin horario de atención,,,,,-11.9619643,-77.0761686,"Vehicular por la Av. Huandoy, cdra. 67",m²,,Municipalidad Metropolitana de Lima (2001).
Sitios Arqueologicos,Pachacamac,Carretera Antigua Panamericana Sur km 31.,Pachacamac,Martes a Domingo (9:00 am - 5:00pm),,,,,-12.2581264,-76.9003209,Vehicular por la Ca. Antigua Panamericana Sur.,46253200m²,549,Rogger Ravines (1994).
Sitios Arqueologicos,Pampa de los perros,Av. Chillón,San Martin de Porres,Sin horario de atención,,,,,-11.9444432,-77.1168892,Por la Av. Chillón,41520m²,,-
Sitios Arqueologicos,Panteón chino,"Calle. Río Moche, con psje. Río moche",Pueblo Libre,Sin horario de atención,,,,,-12.0685157,-77.0720819,"Vehicular por la Av. Marino Cornejo, cdra. 19.",2700m²,78,"Augurto Calvo S. y Pazos Miguel, (1982). Junta Deliberante Metropolitana 
(1962-1963). Equipos técnicos. Carlos Milla V (1974). Rogger Ravines 
(1985). Uni-Ford (1988)."
Sitios Arqueologicos,Pichicato,Carretera Cieneguilla,Cieneguilla,Sin horario de atención,,,,,-12.0466579,-76.7278319,Vehicular por la Carretera a Cieneguilla,6615m²,,"Proyecto Arqueológico Tablada de Lurín (2007). Marcone Flores, Giancarlo 
(2004)."
Sitios Arqueologicos,Piedra Liza A,Carretera Cieneguilla km 34.,Cieneguilla,Sin horario de atención,,,,,-12.0448359,-76.7300979,Vehicular por la Carretera a Cieneguilla Km 34.,90000m²,650,Uni-Ford (1988).
Sitios Arqueologicos,Piedra Liza C,Carretera Cieneguilla,Cieneguilla,Sin horario de atención,,,,,-12.0556351,-76.7407472,Vehicular por la Carretera a Cieneguilla,10000m²,640,Uni-Ford( 1988).
Sitios Arqueologicos,Puente Inca AyB,Av. Chillon,San Martin de Porres,Sin horario de atención,,,,,-11.9491858,-77.0954845,Por la av. San Diego Alcala,15000m²,71,Informe Tecnico de Arqueologia
Sitios Arqueologicos,Puruchuca,Calle. Centenario,La Molina,Sin horario de atención,,,,,-12.0634155,-76.9329818,"Vehicular por la Av. Melgarejo, cdra. 4.",12000m²,285,"Alumnos UNMSM (1982), Villar Córdova (1935), Stumer (1954), Hbusse (1960), 
Iriarte (1959). Rogger Ravines (1985). Uni-Ford (1988)."
Sitios Arqueologicos,Quebrada Seca,Av. Jaime Zubieta Calderón,Ate,Sin horario de atención,,,,,-12.013309,-76.8400132,Vehicular por Horacio Zevallos,875m²,500,"Milla, Carlos (1974)."
Sitios Arqueologicos,Rinconada del Lago,Av. La Universidad,La Molina,Sin horario de atención,,,,,-12.0740099,-76.9315149,Por la av. La universidad,m²,318,-
Sitios Arqueologicos,San Antonio,Av. Las Torres,San Juan de Lurigancho,Sin horario de atención,,,,,-12.0087403,-76.9120147,Por la Av. Las Torres,11931m²,,"Palacios, Jonathan."
Sitios Arqueologicos,Santa Lucia,Carretera Bertello,San Martin de Porres,Sin horario de atención,,,,,-11.9840267,-77.1159305,Por la av. Canta Callao,m²,19,-
Sitios Arqueologicos,Sector 9,Av. Universitaria,Cercado de Lima,Sin horario de atención,,,,,-12.0594454,-77.0824805,"UNMSM, Facultad Ciencias Biológicas",400m²,72,"Proyecto de Investigaciones Arqueológicas, Huaca San Marcos, Cecilia Jaime 
Tello,"
Sitios Arqueologicos,Tambo Inga,Av. Panamericana Norte,Puente Piedra,Sin horario de atención,,,,,-11.8932043,-77.0711304,Vehicular por Panamericana Norte,26000m²,150,"Auguro Calvo S. y Pazos Miguel, (1982). Junta Deliberante Metropolitana 
(1962-1963). Carlos Milla V (1974). Roger Ravines (1985)"
Sitios Arqueologicos,Túnel,Av. Paseo Billingursth,Chorrillos,Sin horario de atención,,,,,-12.171856,-77.0342409,Por la Av. Huaylas,600m²,69,Bonavia 1962-63
Sitios Arqueologicos,Túpac Amaru B,Av. Cuadra 18 de la avenida Canadá,San Luis,Sin horario de atención,,,,,-12.0795438,-76.9977156,Por la avenida Canadá,600m²,172,"Santiago Agurto Calvo, Registro arqueológico de la Comarca de 
Lima.INVERMENT.1973.Roger Ravines, Inventario Nacional de Monumentos 
Arqueológicos de Lima Metropolitana-1985."
Sitios Arqueologicos,Yanacoto,Av. Yanacoto,San Juan de Lurigancho,Sin horario de atención,,,,,-11.9483003,-76.7274442,Vehicular por la Carretera Central con Av. Yanacoto.,60000m²,831,"Bueno, Alberto (1983). Uni-Ford (1988)."
Sitios Arqueologicos,Cerro Ñaña 2,-,San Juan de Lurigancho,Sin horario de atención,,,,,-11.9622874,-76.826934,Cerro ñaña,0m²,1229,-
Sitios Arqueologicos,Cerro Pan de azúcar,-,Pachacamac,Sin horario de atención,,,,,-12.1870054,-76.8558758,camino afirmado que lleva al Ex Fundo Cardal,70000m²,211,"Auguro Calvo S. y Pazos Miguel, (1982). Junta Deliberante Metropolitana 
(1962-1963). Carlos Milla V (1974). Rogger Ravines (1985)"
Sitios Arqueologicos,Chocas,-,Carabayllo,Sin horario de atención,,,,,-11.7388091,-76.9672875,"Por la carretera a Canta, cerca a Trapiche",125000m²,542,"Ludeña Hugo (1973). Investigaciones arqueológicas en el sitio de Huacoy, 
valle chillón. Tesis para el grado de bachiller-UNMSM.Lima.Williams L. 
Carlos (1971), ""centros ceremoniales tempranos en los valles del chillón, 
Rímac y Lurín"". Apuntes arqueológicos"
Sitios Arqueologicos,Gangay I,-,Carabayllo,Sin horario de atención,,,,,-11.740348,-76.9603732,"Por la carretera a Canta, a la altura de",m²,,Uni-Ford( 1988).
Sitios Arqueologicos,Gangay II,-,Carabayllo,Sin horario de atención,,,,,-11.7422925,-76.962836,"Por la carretera a Canta, a la altura de",5000m²,,Uni-Ford( 1988).
Sitios Arqueologicos,La capilla,-,Pachacamac,Sin horario de atención,,,,,-11.9113878,-77.0353005,-,900m²,135,"Auguro Calvo S. y Pazos Miguel, (1982). Junta Deliberante Metropolitana 
(1962-1963). Carlos Milla V (1974). Roger Ravines (1985)"
Sitios Arqueologicos,Panquilma,-,Cieneguilla,Sin horario de atención,,,,,-12.0746881,-77.0733507,Vehicular por trocha carrozable,130000m²,200,"Auguro Calvo S. y Pazos Miguel, (1982). Junta Deliberante Metropolitana 
(1962-1963). Carlos Milla V (1974). Roger Ravines (1985)"
Sitios Arqueologicos,Alborada 1,Calle. Alborada,Comas,Sin horario de atención,,,,,-11.9114565,-77.0420375,"Por la Av. Túpac Amaru, cdra. 52",38218m²,,-
Sitios Arqueologicos,Alfonso Cobian,Av. Las Violetas,San Juan de Lurigancho,Sin horario de atención,,,,,-11.9879024,-76.8063376,Por la Carretera central km22,16000m²,616,Carlos Milla Villena (1975).
Sitios Arqueologicos,Algarrobo B,Calle. A,San Juan de Lurigancho,Sin horario de atención,,,,,-11.9738569,-76.8088975,Vehicular por la Av. Laureles,4270m²,675,"Milla, Carlos (1974)."
Sitios Arqueologicos,Alto Perú,-,San Juan de Lurigancho,Sin horario de atención,,,,,-11.9791472,-76.8224934,Vehicular por la Av. Laureles,4814m²,750,"Milla, Carlos (1974)."
Sitios Arqueologicos,Anexo Puruchuco,Calle. Londres,Ate,Sin horario de atención,,,,,-12.0437264,-76.933401,"Vehicular por la Carretera central, cdra. 43",250m²,330,Rogger Ravines (1985). Uni-Ford (1988).
Sitios Arqueologicos,Armatambo,Av. Pumacahua,Chorrillos,Sin horario de atención,,,,,-12.1767572,-77.0228313,Por la av. Huaylas,153000m²,48,Rogger Ravines (1985).
Sitios Arqueologicos,Buena Vista II,-,Lurín,Sin horario de atención,,,,,-12.2649837,-76.86789,carretera a Pachacamac- paradero Villena,25000m²,,-
Sitios Arqueologicos,Buenavista,-,Carabayllo,Sin horario de atención,,,,,-11.7311911,-76.9683709,Por la carretera a canta a la altura de Buenavista,30000m²,541,"Ludeña, HUGO San Humberto un sitio formativo en el valle de chillón. 
INF.Preliminar.Revista del museo de Arqueología de la Universidad Mayor de 
San Marcos-Lima (1970).Engel Frederic (1981);""De las begonias al 
maíz"",edit. Cita-una. Lima-Perú"
Sitios Arqueologicos,C.I.G.R.I,"Carretera 1, con Cl. 3",Puente Piedra,Sin horario de atención,,,,,-11.8983815,-77.0725829,Por la Av. San Remo,975m²,,Municipalidad Metropolitana de Lima (2001).
Sitios Arqueologicos,Cajamarquilla,-,San Juan de Lurigancho,Sin horario de atención,,,,,-11.9853631,-76.905818,Vehicular por la Av. Chosica.,1670m²,340,Rogger Ravines (1994). Narváez (2006)
Sitios Arqueologicos,California A,Carretera -,Chosica,Sin horario de atención,,,,,-11.9561237,-76.7164493,Por la Quebrada California,36000m²,1079,Carlos Milla Villena (1975).
Sitios Arqueologicos,California B,-,Chosica,Sin horario de atención,,,,,-11.9967728,-76.8746351,Por la Quebrada California,1000m²,926,Carlos Milla Villena (1975).
Sitios Arqueologicos,Canto grande,Carretera Los Druntes,San Juan de Lurigancho,Sin horario de atención,,,,,-11.8742238,-76.9492482,Por la Quebrada Jicamarca,0m²,943,Carlos Milla Villena (1975).
Sitios Arqueologicos,Capilla Márquez,-,San Martin de Porres,Sin horario de atención,,,,,-11.9414569,-77.129367,Por la Av. Néstor Gambeta,5293m²,,-
Sitios Arqueologicos,Carapongo A,-,San Juan de Lurigancho,Sin horario de atención,,,,,-11.9967728,-76.8746351,Por la ex hacienda Carapongo,4000m²,483,Carlos Milla Villena (1975).
Sitios Arqueologicos,Carapongo C,-,San Juan de Lurigancho,Sin horario de atención,,,,,-11.9853829,-76.8788074,Por la ex hacienda Carapongo,8000m²,864,Carlos Milla Villena (1975).
Sitios Arqueologicos,Carapongo Y,-,San Juan de Lurigancho,Sin horario de atención,,,,,-11.9973092,-76.8687535,Por la ex hacienda Carapongo,600m²,458,Carlos Milla Villena (1975).
Sitios Arqueologicos,Caraponguillo,-,San Juan de Lurigancho,Sin horario de atención,,,,,-11.9945074,-76.856486,Por la Av.24 de setiembre,23896m²,520,"Milla, Carlos (1974)."
Sitios Arqueologicos,Cardal,-,Pachacamac,Sin horario de atención,,,,,-12.1870206,-76.8495728,Camino Pachacamac-Cieneguilla,150000m²,174,"Augurto Calvo S. y Pazos Miguel, (1982). Burguer Richard (1987). Scheele 
Harry (1970). Carlos Williams León (1978-1989). Uni-Ford (1989)."
Sitios Arqueologicos,Cardal-Montículo I,-,Pachacamac,Sin horario de atención,,,,,-12.1821488,-76.8481976,Por el camino de Pachacamac a Cardal,600m²,197,"Rostowroski, María;(1977), Etnia y Sociedad"", lima-IEP. Dellihay, 
Tom;(1973), tesis doctoral(en imprenta)Ludeña Hugo;""San Humberto, un sitio 
formativo en el valle del chillon"",Inf. Preliminar Revista del museo de 
arqueología de la UNMSM. Lima(1970)."
Sitios Arqueologicos,Casa Rosada,Av. La Marina,San Miguel,Sin horario de atención,,,,,-12.0816329,-77.087363,"Frente a la ex. Feria de lugar, av.",3000m²,54,"Inventario Rogger Ravines (1985). Milla, Carlos (1974)."
Sitios Arqueologicos,Cerro Cantera,-,San Juan de Lurigancho,Sin horario de atención,,,,,-11.8723831,-76.9631474,Por el valle de Jicamarca,m²,1164,-
Sitios Arqueologicos,Cerro Cañón 2,-,Carabayllo,Sin horario de atención,,,,,-11.8414157,-77.0160995,Vehicular por la Av. Túpac Amaru km 22,4000m²,,Uni-Ford( 1988).
Sitios Arqueologicos,Cerro Cañón 7,-,Carabayllo,Sin horario de atención,,,,,-11.8343026,-77.0148086,Por la Av. San Juan de Dios,15162m²,,-
Sitios Arqueologicos,Cerro Cañón I,-,Carabayllo,Sin horario de atención,,,,,-11.8151917,-77.0204397,Por la avenida Túpac Amaru hasta el km.22,1500m²,154,Uni-Ford( 1988).
Sitios Arqueologicos,Cerro Culebras,-,San Martin de Porres,Sin horario de atención,,,,,-11.9410677,-77.1222691,Por la Av. Chillón,83931m²,,Talavera Lizardi (2010)
Sitios Arqueologicos,Cerro el Progreso,-,Carabayllo,Sin horario de atención,,,,,-11.864654,-77.373478,Por la carretera a Canta Km. 25,8000m²,304,Uni-Ford( 1988).
Sitios Arqueologicos,Cerro Gemelo,Av. San José,San Martin de Porres,Sin horario de atención,,,,,-11.9770036,-77.100408,Vehicular por la Av. Sol de Naranjal,5135m²,,-
Sitios Arqueologicos,Cerro golondrina,-,Pachacamac,Sin horario de atención,,,,,-12.1663041,-76.8167768,Por el camino de Pachacamac a Cieneguilla.,10000m²,521,Uni-Ford( 1988).
Sitios Arqueologicos,Cerro Huaca,Av. Las Tres Marías,La molina/Surco,Sin horario de atención,,,,,-12.0959965,-76.9694487,"Por la avenida evitamiento, por el puente el Derby",1200m²,199,Inventario Rogger Ravines (1985)
Sitios Arqueologicos,Cerro Huatocay 1,-,Carabayllo,Sin horario de atención,,,,,-11.7535651,-76.9848482,Por la carretera a Canta hasta Chocas Bajo,3000m²,650,Uni-Ford( 1988).
Sitios Arqueologicos,Cerro Huatocay 3,-,Carabayllo,Sin horario de atención,,,,,-11.7408169,-76.9815007,Por la carretera a Canta a la altura de Huatocay,2500m²,500,Uni-Ford( 1988).
Sitios Arqueologicos,Cerro Huatocay 4,-,Carabayllo,Sin horario de atención,,,,,-11.7488787,-76.9893735,Por la carretera a Canta a la altura de Huatocay,5000m²,800,Uni-Ford( 1988).
Sitios Arqueologicos,Cerro la Milla,Av. Jose Granda,San Martin de Porres,Sin horario de atención,,,,,-12.0261904,-77.0709584,Cruce de la panamericana norte y la av. Jose Grand,3000m²,99,Inventario Rogger Ravines (1985)
Sitios Arqueologicos,Cerro Lilyan,Av. Loa Alisos,Los Olivos,Sin horario de atención,,,,,-11.9829225,-77.0774946,Cruce de la avenida universitaria con los alisos,150m²,55,-
Sitios Arqueologicos,Cerro Manchado,-,Chorrillos,Sin horario de atención,,,,,-12.2040406,-77.0342198,Cerca a la playa la Chira,150000m²,73,Rogger Ravines (1985).
Sitios Arqueologicos,Cerro Mulería,Av. Antúnez de Mayolo,Los Olivos,Sin horario de atención,,,,,-11.9989402,-77.0735043,entre el Jr.. Casa y Huarmey,800m²,80,Rogger Ravines (1985).
Sitios Arqueologicos,Cerro Ñaña 1,-,San Juan de Lurigancho,Sin horario de atención,,,,,-11.963652,-76.8297524,Cerro ñaña,m²,1163,-
Sitios Arqueologicos,Cerro Ñaña 3,-,San Juan de Lurigancho,Sin horario de atención,,,,,-11.9543284,-76.8206655,Cerro ñaña,0m²,1302,-
Sitios Arqueologicos,Cerro Ñaña 4,-,San Juan de Lurigancho,Sin horario de atención,,,,,-11.9509416,-76.8090298,Cerro ñaña,0m²,1490,-
Sitios Arqueologicos,Cerro Ñaña 5,-,San Juan de Lurigancho,Sin horario de atención,,,,,-11.9442279,-76.7973723,Cerro ñaña,0m²,1445,-
Sitios Arqueologicos,Cerro Parco,-,Pachacamac,Sin horario de atención,,,,,-12.197304,-76.8553961,Por el camino de Pachacamac a Cieneguilla.,80000m²,,Uni-Ford( 1988).
Sitios Arqueologicos,Cerro Pro I,Av. Los próceres,Los Olivos,Sin horario de atención,,,,,-11.9449311,-77.079389,av. Los Próceres,700m²,,-
Sitios Arqueologicos,Cerro Segundo A,-,Los Olivos,Sin horario de atención,,,,,-11.9996165,-77.0785864,"Vehicular por la Av. Universitaria, cdra. 33",5000m²,50,Roger Ravines (1985).
Sitios Arqueologicos,Cerro tinaja,-,Los Olivos,Sin horario de atención,,,,,-11.9393485,-77.0802184,Jr. Principios y la av. Comercial,800m²,,-
Sitios Arqueologicos,Cerro Torre Blanca.,-,Carabayllo,Sin horario de atención,,,,,-11.8445166,-76.9981285,Por la carretera a Canta hasta el establo punchauca,10000m²,306,Uni-Ford( 1988).
Sitios Arqueologicos,Chacra Cerro II,Calle. 67,Comas,Sin horario de atención,,,,,-11.908015,-77.0541998,Por la Av. Héroes del Alto Cenepa,14384m²,,-
Sitios Arqueologicos,Chacrasana,-,Chosica,Sin horario de atención,,,,,-11.9559646,-76.7379039,Por el centro Recreacional PIP,5600m²,783,Carlos Milla Villena (1975).
Sitios Arqueologicos,Chavarría,Calle. Buen Pastor,Los Olivos,Sin horario de atención,,,,,-11.9970655,-77.0642359,"Vehicular por la Panamericana norte, cdra. 32",2300m²,68,Roger Ravines (1985).
Sitios Arqueologicos,Chira- villa,-,Chorrillos,Sin horario de atención,,,,,-12.1985628,-77.0318811,por playa la chira y frente al club cultural lima,758000m²,12,"Engel 1955,1957,1958,1961. Rogger Ravines (1985)."
Sitios Arqueologicos,Collique 3,Calle. Ricardo Palma,Comas,Sin horario de atención,,,,,-11.9311902,-77.0453058,"Vehicular por la Av. Túpac Amaru, cdra. 40",7345m²,,-
Sitios Arqueologicos,Con con B,29/05/00-1,Carabayllo,Sin horario de atención,,,,,-11.8794488,-77.0211784,Vehicular la Av. Túpac Amaru,1620m²,,-
Sitios Arqueologicos,Conjunto Arqueológico La Uva,Carretera Panamericana norte km 2.6,Puente Piedra,Sin horario de atención,,,,,-11.8965383,-77.0737344,Por la Av. San Remo,98325m²,,"Paredes Olvera, Juan (2000)"
Sitios Arqueologicos,Conjunto Palao A,Av. Jose Granda,San Martin de Porres,Sin horario de atención,,,,,-12.0244083,-77.0626263,Por el cruce de la panamericana con av. Jose Granda,10868m²,104,Inventario Rogger Ravines (1985) Inventario de Carlos Milla Villena (1974)
Sitios Arqueologicos,Copacabana,-,Los Olivos,Sin horario de atención,,,,,-11.8515623,-77.0716509,-,960m²,195,"Auguro Calvo S. y Pazos Miguel, (1982). Junta Deliberante Metropolitana 
(1962-1963). Carlos Milla V (1974). Roger Ravines (1985)"
Sitios Arqueologicos,Copacabana 2,-,Puente Piedra,Sin horario de atención,,,,,-11.8419128,-77.0823224,Por la carretera panamericana Norte,500m²,206,Uni-Ford( 1988).
Sitios Arqueologicos,Copacabana III,Carretera Santa Patricia,Puente Piedra,Sin horario de atención,,,,,-11.8375619,-77.0987496,Por la Av. Contumaza,3000m²,210,Municipalidad de Lima Metropolitana 2002
Sitios Arqueologicos,Corpus II,Av. Venezuela,Cercado de Lima,Sin horario de atención,,,,,-12.0629417,-77.069321,Por la av. Venezuela,2500m²,92,Inventario Rogger Ravines (1985) Inventario de Carlos Milla Villena (1974)
Sitios Arqueologicos,Cruz Blanca,-,San Miguel,9am-6pm,,,,,-12.069461,-77.0834669,"Por la Av. Mariscal José de la Mar, cdra. 24",10578m²,,"Junta Deliberante Metropolitana (1962-1963). Asencios lindo, Gerbert 
(2009). Parque de las Leyendas (2011)."
Sitios Arqueologicos,El Bosque A,-,San Juan de Lurigancho,Sin horario de atención,,,,,-11.9504589,-76.7336181,Por la Carretera Central,720m²,825,"Milla, Carlos (1974)."
Sitios Arqueologicos,El Horno,-,San Martin de Porres,Sin horario de atención,,,,,-11.9595389,-77.1008973,Vehicular por la Av. Naranjal,1287m²,,-
Sitios Arqueologicos,El Pacifico B,Av. Angélica Gamarra,Los Olivos,Sin horario de atención,,,,,-12.0011128,-77.0803421,Por la av. Angélica Gamarra,m²,65,-
Sitios Arqueologicos,El Sauce,-,San Juan de Lurigancho,Sin horario de atención,,,,,-12.0583642,-76.9727551,-,3600m²,250,"Auguro Calvo S. y Pazos Miguel, (1982). Junta Deliberante Metropolitana 
(1962-1963). Carlos Milla V (1974). Roger Ravines (1985)"
Sitios Arqueologicos,Fortaleza d la Unión,-,San Juan de Lurigancho,Sin horario de atención,,,,,-11.9949741,-76.8446908,Cerro la Unión,m²,594,-
Sitios Arqueologicos,Fortaleza. De Collique,Av. Túpac Amaru,Comas,Sin horario de atención,,,,,-11.9113878,-77.0353005,Vehicular por Av. Túpac Amaru,80000m²,550,"Auguro Calvo S. y Pazos Miguel, (1982). Junta Deliberante Metropolitana 
(1962-1963). Carlos Milla V (1974). Roger Ravines (1985)"
Sitios Arqueologicos,Garagay,Av. Túpac Amaru,San Martin de Porres,Sin horario de atención,,,,,-12.002831,-77.0874796,Vehicular por Av. Túpac Amaru,160000m²,97,"Auguro Calvo S. y Pazos Miguel, (1982). Junta Deliberante Metropolitana 
(1962-1963). Carlos Milla V (1974). Roger Ravines (1985)"
Sitios Arqueologicos,Geoglifo de Cajamarquilla,-,San Juan de Lurigancho,Sin horario de atención,,,,,-11.9645223,-76.9160456,-,m²,1079,-
Sitios Arqueologicos,Geoglifo de Yanacoto,-,San Juan de Lurigancho,Sin horario de atención,,,,,-11.9367911,-76.7365331,Por la Carretera Centra km 2.5,2552m²,1098,-
Sitios Arqueologicos,Gloria Chica,-,Ate,Sin horario de atención,,,,,-12.0110451,-76.8570492,Por la Carretera Central km 13,3350m²,525,"Milla, Carlos (1974). Villacorta, Luis Felipe (2001)."
Sitios Arqueologicos,Hca Condevilla Sr. I,Jr. Pacasmayo,San Martin de Porres,Sin horario de atención,,,,,-12.0219177,-77.0888569,Cruce de la av. Condevilla y Jr. Pacasmayo,5600m²,109,Inventario Rogger Ravines (1985)
Sitios Arqueologicos,Huaca 22,Calle. Los Álamos,San Miguel,Sin horario de atención,,,,,-12.0618531,-77.085612,"Vehicular por la Av. Venezuela, cdra. 38",7722m²,,"Junta Deliberante Metropolitana (1962-1963). Asencios lindo, Gerbert (2009)."
Sitios Arqueologicos,Huaca 25,Calle. Los Claveles,San Miguel,Sin horario de atención,,,,,-12.0644054,-77.0851267,"Vehicular por la Av. Venezuela, cdra. 37",2296m²,,"Junta Deliberante Metropolitana (1962-1963). Asencios lindo, Gerbert (2009)."
Sitios Arqueologicos,Huaca 27,-,San Miguel,9am-6pm,,,,,-12.0638913,-77.0898059,"Por la Av. Mariscal José de la Mar, cdra. 24",390m²,,"Junta Deliberante Metropolitana (1962-1963). Asencios lindo, Gerbert (2009)."
Sitios Arqueologicos,Huaca 28,-,Cercado de Lima,9am-6pm,,,,,-12.0657178,-77.0824646,"Por la Av. Mariscal José de la Mar, cdra. 24",2592m²,,"Junta Deliberante Metropolitana (1962-1963). Asencios lindo, Gerbert (2009)."
Sitios Arqueologicos,Huaca 30,-,San Miguel,9am-6pm,,,,,-12.0656024,-77.0858063,"Por la Av. Mariscal José de la Mar, cdra. 24",3332m²,,"Junta Deliberante Metropolitana (1962-1963). Asencios lindo, Gerbert (2009)."
Sitios Arqueologicos,Huaca 31,-,San Miguel,9am-6pm,,,,,-12.065736,-77.0836493,"Por la Av. Mariscal José de la Mar, cdra. 24",5338m²,,"Junta Deliberante Metropolitana (1962-1963). Asencios lindo, Gerbert (2009)."
Sitios Arqueologicos,Huaca 32,-,San Miguel,9am-6pm,,,,,-12.0671656,-77.0858551,"Por la Av. Mariscal José de la Mar, cdra. 24",1305m²,,"Junta Deliberante Metropolitana (1962-1963). Asencios lindo, Gerbert (2009)."
Sitios Arqueologicos,Huaca 33,-,San Miguel,9am-6pm,,,,,-12.0681801,-77.0855507,"Por la Av. Mariscal José de la Mar, cdra. 24",2074m²,,"Junta Deliberante Metropolitana (1962-1963). Asencios lindo, Gerbert (2009)."
Sitios Arqueologicos,Huaca 34,-,San Miguel,9am-6pm,,,,,-12.0683431,-77.0843031,"Por la Av. Mariscal José de la Mar, cdra. 24",1504m²,,"Junta Deliberante Metropolitana (1962-1963). Asencios lindo, Gerbert (2009)."
Sitios Arqueologicos,Huaca 39,-,San Miguel,9am-6pm,,,,,-12.0719467,-77.083431,"Por la Av. Mariscal José de la Mar, cdra. 24",484m²,,"Junta Deliberante Metropolitana (1962-1963). Asencios lindo, Gerbert 
(2009).Parque de las Leyendas (2011)."
Sitios Arqueologicos,Huaca 43,-,San Miguel,9am-6pm,,,,,-12.0687951,-77.0866942,"Por la Av. Mariscal José de la Mar, cdra. 24",1326m²,,"Junta Deliberante Metropolitana (1962-1963). Asencios lindo, Gerbert 
(2009).Parque de las Leyendas (2011)."
Sitios Arqueologicos,Huaca 50,-,San Miguel,9am-6pm,,,,,-12.0672414,-77.0914113,"Por la Av. Mariscal José de la Mar, cdra. 24",2254m²,,"Junta Deliberante Metropolitana (1962-1963). Asencios lindo, Gerbert 
(2009).Parque de las Leyendas (2011)."
Sitios Arqueologicos,Huaca 57,-,San Miguel,9am-6pm,,,,,-12.0658292,-77.0905096,"Por la Av. Mariscal José de la Mar, cdra. 24",44547m²,,"Junta Deliberante Metropolitana (1962-1963). Asencios lindo, Gerbert 
(2009).Parque de las Leyendas (2011)."
Sitios Arqueologicos,Huaca 58,-,San Miguel,9am-6pm,,,,,-12.067157,-77.0894088,"Por la Av. Mariscal José de la Mar, cdra. 24",2912m²,,"Junta Deliberante Metropolitana (1962-1963). Asencios lindo, Gerbert 
(2009).Parque de las Leyendas (2011)."
Sitios Arqueologicos,Huaca 61,-,San Miguel,9am-6pm,,,,,-12.0637959,-77.0928906,"Por la Av. Mariscal José de la Mar, cdra. 24",240m²,,"Junta Deliberante Metropolitana (1962-1963). Asencios lindo, Gerbert 
(2009).Parque de las Leyendas (2011)."
Sitios Arqueologicos,Huaca Aramburu,"Av. Venezuela, cdra. 38",Cercado de Lima,Sin horario de atención,,,,,-12.0601305,-77.0863333,"Vehicular por la Av. Universitaria, cdra. 22",15000m²,74,"Junta Deliberante Metropolitana (1962-1963). Milla, Carlos (1974). Ravines, 
Rogger (1985)."
Sitios Arqueologicos,Huaca Bellavista,"Av. Los Virreyes, cdra. 6",Santa Anita,Sin horario de atención,,,,,-12.0307297,-76.9449972,"Vehicular por la Carretera Central, Km.3.5",5400m²,316,Roger Ravines (1985). Municipalidad Metropolitana de Lima (2001).
Sitios Arqueologicos,Huaca Collique 2,Calle. Las Magnolias,Comas,Sin horario de atención,,,,,-11.9113229,-77.0417704,Vehicular por la Av. Túpac Amaru,6000m²,,"Augurto Calvo, Santiago (1982)."
Sitios Arqueologicos,Huaca concha,Dentro de la Universidad San Marcos.,Cercado de Lima,Sin horario de atención,,,,,-12.0575596,-77.0832648,Por la Av. Universitaria y la Av. Colonial,m²,71,"Pedro Villar Córdova (1935). Ruth Shady Solís (1994). Julio C. Tello 
(1999). Roger Ravines (1985)"
Sitios Arqueologicos,Huaca Culebras,"Av. Universitaria, cdra. 15.",Cercado de Lima,Sin horario de atención,,,,,-12.0655004,-77.0776879,"Vehicular por la calle Nicerata, cdra. 5.",1600m²,72,"Augurto Calvo S. y Pazos Miguel, (1982). Junta Deliberante Metropolitana 
(1962-1963). Rogger Ravines (1985). Ramos Cox J. y Cox Jorge y Corbacho S. 
(1974-1975). Uni-Ford (1988)."
Sitios Arqueologicos,Huaca Don Carlos 1,Carretera Libertad,Comas,Sin horario de atención,,,,,-11.8994773,-77.0450408,"Vehicular por la Av. San Felipe, cdra. 5",1040m²,,"Agurto Calvo, y M. Pazos (1982). Uni-Ford (1988)."
Sitios Arqueologicos,Huaca Felicia Gomez,Av. Grau,Cercado de Lima,Sin horario de atención,,,,,-12.0598166,-77.0198015,Por la av. Grau,380m²,162,Inventario Rogger Ravines (1985)
Sitios Arqueologicos,Huaca Granados II,Av. Cuadra 11 de Constructores,La Molina,Sin horario de atención,,,,,-12.0604461,-76.9479295,Por la Av. Constructores o Separadora Industrial,17200m²,270,Rogger Ravines (1985).
Sitios Arqueologicos,Huaca Grau,-,San miguel.,Sin horario de atención,,,,,-12.0620833,-77.0814265,dentro de la urbanización Rigel,2000m²,,"Augurto Calvo, Santiago y Gunter, Juan(1976). Maranga: Registro 
Arqueológico de Lima. Augurto Calvo, Santiago (1982).Registro arqueológico 
de los monumentos hispánicos de la comarca de Lima. INVERMENT. Canziani, 
José (1987). Análisis del complejo urbano"
Sitios Arqueologicos,Huaca Hacienda,-,Cieneguilla,Sin horario de atención,,,,,-12.1230776,-76.8059196,Por la Av. Luis Felipe de las Casas,6448m²,,-
Sitios Arqueologicos,Huaca Huallamarca,Carretera Nicolás de Piérola Cuadra 1,San Isidro,Sin horario de atención,,,,,-12.0974356,-77.0405368,Vehicular Por la Av. Víctor Belaunde y Choquehuanca,13000m²,120,"Auguro Calvo S. y Pazos Miguel, (1982). Junta Deliberante Metropolitana 
(1962-1963). Carlos Milla V (1974). Roger Ravines (1985) Clide Valladolid 
(1993) Luis Felipe Villacorta (2012)"
Sitios Arqueologicos,Huaca Huerta Santa Rosa,"Calle. 5, con P. Arguedas",Cercado de Lima,Sin horario de atención,,,,,-12.0591242,-77.0649207,"Vehicular por la Av. Venezuela, cdra. 25",1900m²,75,"Auguro Calvo S. y Pazos Miguel, (1982). Roger Ravines (1985). Uni-Ford( 
1988)."
Sitios Arqueologicos,Huaca La Cruz,-,San Miguel,9am-6pm,,,,,-12.0712971,-77.0832699,"Por la Av. Mariscal José de la Mar, cdra. 24",6693m²,,"Junta Deliberante Metropolitana (1962-1963). Asencios lindo, Gerbert 
(2009).Parque de las Leyendas (2011)."
Sitios Arqueologicos,Huaca la Merced,Av. Principal,Surquillo,Sin horario de atención,,,,,-12.116694,-77.0060836,Vehicular por la Av. Principal,2638m²,121,"Auguro Calvo S. y Pazos Miguel, (1982). Junta Deliberante Metropolitana 
(1962-1963). Carlos Milla V (1974). Rogger Ravines (1985)."
Sitios Arqueologicos,Huaca La Palma,-,San Miguel,9am-6pm,,,,,-12.0684506,-77.0904473,"Por la Av. Mariscal José de la Mar, cdra. 24",13795m²,,"Junta Deliberante Metropolitana (1962-1963). Asencios lindo, Gerbert 
(2009).Parque de las Leyendas (2011)."
Sitios Arqueologicos,Huaca las salinas,Av. Riva Agüero,El Agustino,Sin horario de atención,,,,,-12.0382857,-76.9822775,"Carretera central, altura urb. Encalada",110600m²,290,"Milla V. 1974, ""Inventario y Catastro Arqueológico de los valles del Rímac 
y Sta. Eulalia."". Williams y L.,1971"" centros ceremoniales tempranos en los 
valles del Rímac, Chillón y Lurín"". Apuntes A arqueológicos, Lima."
Sitios Arqueologicos,Huaca Micaela Bastidas I,Av. Los alisos,Los Olivos,Sin horario de atención,,,,,-11.9771493,-77.0845189,-,m²,54,-
Sitios Arqueologicos,Huaca Micaela Bastidas II,-,Los Olivos,Sin horario de atención,,,,,-11.9783319,-77.0822789,Alt. Av. Los alisos cuadra 11,m²,57,-
Sitios Arqueologicos,Huaca Middendorf,-,San Miguel,9am-6pm,,,,,-12.0636906,-77.0876464,"Vehicular por la Av. Venezuela, cdra. 34",31780m²,,"Asencios lindo, Gerbert (2009)."
Sitios Arqueologicos,Huaca Perales,Carretera Los nogales y alcanfores,El Agustino,Sin horario de atención,,,,,-12.0456117,-76.9726619,Vehicular por Av. Alcanfores,23008m²,257,Filomeno Melgarejo (1951) Rogger Ravines (1985).
Sitios Arqueologicos,Huaca Pro,-,Los Olivos,Sin horario de atención,,,,,-11.939992,-77.0763132,cruce del Jr.. Los principios con calle 21,30000m²,97,-
Sitios Arqueologicos,Huaca Pucllana,Carretera Gral. Borgoño Cuadra 8 s/n,Miraflores,Sin horario de atención,,,,,-12.1111598,-77.0337709,Vehicular por la Av. Angamos y Arequipa,50000m²,98,"Auguro Calvo S. y Pazos Miguel, (1982). Junta Deliberante Metropolitana 
(1962-1963). Carlos Milla V (1974). Roger Ravines (1985)"
Sitios Arqueologicos,Huaca San Borja,Av. Canadá y Av. De la Arqueología,San Borja,Sin horario de atención,,,,,-12.0841717,-77.0001928,Vehicular por la Javier Prado o por la Av. Canadá,6026m²,170,Agurto Calvo y Miguel pasos (1982). Milla Villena (1974)
Sitios Arqueologicos,Huaca San German,-,Ate,Sin horario de atención,,,,,-12.0129118,-76.8604226,Por la Carretera Central km 13,10146m²,,-
Sitios Arqueologicos,Huaca San Miguel,Av. Universitaria,Cercado de Lima,Sin horario de atención,,,,,-12.0706364,-77.0858085,Dentro del Parque de las Leyendas,12894m²,65,Inventario Rogger Ravines (1985)
Sitios Arqueologicos,Huaca Santa Cruz,Av. Belén cuadra 3,San Isidro,Sin horario de atención,,,,,-12.1044197,-77.0482037,Vehicular por la Av. Belén y Pezet,4340m²,91,Luis Ccosi (1951).Roger Ravines (1985). Lyda Casas (2005 y 2006)
Sitios Arqueologicos,Huaca Santa Raquel,-,Ate Vitarte,Sin horario de atención,,,,,-12.0568434,-76.9486932,Vehicular por la Av. Separadora Industrial,2500m²,271,"Auguro Calvo S. y Pazos Miguel, (1982). Junta Deliberante Metropolitana 
(1962-1963). Carlos Milla V (1974). Roger Ravines (1985)"
Sitios Arqueologicos,Huaca Santa Rosa,Av. Daniel Alcides Carrión,San Martin de Porres,Sin horario de atención,,,,,-11.9951903,-77.0879807,"Vehicular por la Av. Antúnez de Mayolo, cdra. 20",1500m²,44,Roger Ravines (1985).
Sitios Arqueologicos,Huaca Surco,Av. Jorge Chávez,Surco,Sin horario de atención,,,,,-12.1470334,-77.0013501,Por la Av. Tomas Marsano,m²,82,Uni-Ford( 1988).
Sitios Arqueologicos,Huaca Uni,Av. Túpac Amaru,Rímac,Sin horario de atención,,,,,-12.0173722,-77.0472674,En los cerros aledaños a la UNI,2500m²,127,Inventario Rogger Ravines(1985)
Sitios Arqueologicos,Huachipa,-,San Juan de Lurigancho,Sin horario de atención,,,,,-11.9990586,-76.939766,Por Jr. Lambayeque. Con Unión,180000m²,340,Roger Ravines (1985).
Sitios Arqueologicos,Huacoy,-,Carabayllo,Sin horario de atención,,,,,-11.8594413,-77.0207189,Por la carretera a Canta Km. 23,8000m²,250,Uni-Ford( 1988).
Sitios Arqueologicos,Huacoy montículos,Entre Av. El Pacayal y Av. Universitaria,Carabayllo,Sin horario de atención,,,,,-11.8554759,-77.0165697,Vehicular por la Av. Pacayal,4000m²,,"Ludeña, Hugo (1971). Tosso, Walter (1986). Uni-Ford (1988)."
Sitios Arqueologicos,Huacoy Templo,-,Carabayllo,Sin horario de atención,,,,,-11.8619748,-77.0203247,Por la Av. Túpac Amaru hasta el km. 22,280000m²,248,"Augurto Calvo Santiago (1982). Registro arqueológico de los monumentos 
prehispánicos de la comarca de lima. INVERMENT. Ludeña, Hugo (1975), "" 
Secuencia Arqueológica y cultural del valle del Chillón, Rímac y Lurín"", 
apuntes arqueológicos. Lima.(1981);"
Sitios Arqueologicos,Huanchihuaylas,Calle. 5,Ate,Sin horario de atención,,,,,-12.0362643,-76.8853036,Vehicular por la calle 5,180804m²,475,"Milla, Carlos (1974). Villacorta, Luis Felipe (2001)."
Sitios Arqueologicos,Huaquerones,-,Ate Vitarte,Sin horario de atención,,,,,-12.0364185,-76.8677469,-,2340m²,418,"Auguro Calvo S. y Pazos Miguel, (1982). Junta Deliberante Metropolitana 
(1962-1963). Carlos Milla V (1974). Roger Ravines (1985)"
Sitios Arqueologicos,Huarangal,-,Carabayllo,Sin horario de atención,,,,,-11.8061167,-77.0000793,Por la Av. San Juan de Dios,23040m²,,-
Sitios Arqueologicos,Huarmey 1,Psje.Llanganuco,Los Olivos,Sin horario de atención,,,,,-11.9993364,-77.079796,"Vehicular por la Av. Universitaria, cdra. 33",3000m²,,"Agurto Calvo, y M. Pazos (1982).Municipalidad Metropolitana de Lima (2001)."
Sitios Arqueologicos,Huatocay II,-,Carabayllo,Sin horario de atención,,,,,-11.7248472,-77.0097828,Por la carretera a Canta a la altura de Huatocay.,2000m²,158,Uni-Ford( 1988).
Sitios Arqueologicos,Huaycán Alto,Carretera Cieneguilla,Cieneguilla,Sin horario de atención,,,,,-12.0714431,-76.7554713,Vehicular por la Carretera a Cieneguilla,54950m²,,"Marcone Flores, Giancarlo (2004)."
Sitios Arqueologicos,Huaycán de Pariachi,"Av. Circunvalación, con Av. José Carlos Mariátegui.",Ate,Sin horario de atención,,,,,-12.0132292,-76.8328964,Se encuentra al Costado de la Comisaría y Plaza de Armas de Huaycán.,100000m²,530,"Augurto Calvo S. y Pazos Miguel, (1982). Pedro Villar Córdova (1935). María 
Rostowroski (1973)."
Sitios Arqueologicos,Huaycoloro,-,Jicamarca,Sin horario de atención,,,,,-11.9530185,-76.883596,Por la Quebrada Huaycoloro.,25000m²,491,Carlos Milla Villena (1975).
Sitios Arqueologicos,Huerta el Naranjal,Av. Central,San Martin de Porres,Sin horario de atención,,,,,-11.9585111,-77.0872308,Por la av. Canta Callao,m²,71,-
Sitios Arqueologicos,Infantas 2,"Calle. 11, con cl. 7",Los Olivos,Sin horario de atención,,,,,-11.9477561,-77.0725631,"Vehicular por Av. Alfredo Mendiola, cdra. 56",4800m²,,Municipalidad Metropolitana de Lima (2001).
Sitios Arqueologicos,Infantas 3,-,Comas,Sin horario de atención,,,,,-11.9118611,-77.0298248,"Vehicular en el cruce de Av. Alfredo Mendiola, con Av. Confraternidad",1118m²,,-
Sitios Arqueologicos,Infantas I,"Carretera San Lorenzo, con Cl. Santa Elvira",Los Olivos,Sin horario de atención,,,,,-11.9512965,-77.0729113,"Vehicular por la Av. Infantas, cdra. 60.",25200m²,50,"Agurto, Santiago (1985). Uni-Ford (1988)."
Sitios Arqueologicos,José Gálvez 1,-,Pachacamac,Sin horario de atención,,,,,-12.2016892,-76.9042086,Por la Av. Atocongo,1800m²,,Municipalidad Metropolitana de Lima (2001).
Sitios Arqueologicos,La Cruz,-,Ancón,Sin horario de atención,,,,,-11.7824093,-77.1691087,Por la Av. Malecón Las Colinas,17731m²,,-
Sitios Arqueologicos,La Luz I,"Jr. Saturno, con Cl. Marte.",Cercado de Lima,Sin horario de atención,,,,,-12.067215,-77.0719709,"Vehicular por Av. Mariano Cornejo, cdra. 19.",270m²,81,"Augurto Calvo S. y Pazos Miguel, (1982). Junta Deliberante Metropolitana 
(1962-1963). Carlos Milla V (1974). Rogger Ravines (1985). Uni-Ford (1989)."
Sitios Arqueologicos,La paloma,-,San Bartolo,Sin horario de atención,,,,,-12.407218,-76.7231309,Por la antigua Panamericana Sur.,150000m²,,Municipalidad Metropolitana de Lima (2001).
Sitios Arqueologicos,La Pradera,"Jr. El Polo, cdra. 10",Santiago de Surco,Sin horario de atención,,,,,-12.0958671,-76.9698611,Vehicular por la Av. Manuel Olguín,34780m²,194,"Milla, Carlos (1974)."
Sitios Arqueologicos,La Riconada,Av. Raúl Ferre,La Molina,Sin horario de atención,,,,,-12.0936689,-76.9662906,Por la av. El Polo,1500m²,208,Inventario Rogger Ravines(1985)
Sitios Arqueologicos,La ronda,-,Chosica,Sin horario de atención,,,,,-11.929527,-76.6641019,Por la Carretera Central,80000m²,1062,Carlos Milla Villena (1975).
Sitios Arqueologicos,La Unión,-,San Juan de Lurigancho,Sin horario de atención,,,,,-11.9969916,-76.8471652,Por el Cerro La Unión,m²,518,-
Sitios Arqueologicos,La Virgen,Av. Aragon,Ate,Sin horario de atención,,,,,-12.0501604,-76.9479103,Por la Carretera Central,2300m²,285,Inventario Rogger Ravines(1985)
Sitios Arqueologicos,Lindero 2,Carretera Cieneguilla,Cieneguilla,Sin horario de atención,,,,,-12.0390326,-76.7139709,Vehicular por la Carretera de Cieneguilla a Huarochirí,1500m²,900,Uni-Ford( 1988).
Sitios Arqueologicos,Lindero I,Carretera Cieneguilla,Cieneguilla,Sin horario de atención,,,,,-12.0396246,-76.7147185,Vehicular por la Carretera de Cieneguilla a Huarochirí,40000m²,680,Uni-Ford( 1988).
Sitios Arqueologicos,Los Girasoles,-,San Juan de Lurigancho,Sin horario de atención,,,,,-11.9687259,-76.7772808,Por la av. Girasoles,m²,696,-
Sitios Arqueologicos,Los Incas,Av. El Golf los Incas,Santiago de Surco,Sin horario de atención,,,,,-12.0855577,-76.9680957,Por la av. Javier Prado,52000m²,210,Rogger Ravines(1985). Carlos Milla Villena (1975).
Sitios Arqueologicos,Los Sauces II,-,Puente Piedra,Sin horario de atención,,,,,-11.9053135,-77.0701392,Por la carretera Panamericana Norte Km. 25 1/2,600m²,,Municipalidad Metropolitana de Lima (2001).
Sitios Arqueologicos,Manchay Alto II,-,Pachacamac,Sin horario de atención,,,,,-12.176616,-76.8577698,A la altura de la quebrada Pampa de las Flores,2100m²,134,Uni-Ford( 1988).
Sitios Arqueologicos,Manchay alto III,-,Pachacamac,Sin horario de atención,,,,,-12.151351,-76.830851,Por el camino de Pachacamac a Cieneguilla.,4500m²,145,Uni-Ford( 1988).
Sitios Arqueologicos,Mangomarca,Av. El Santuario,San Juan de Lurigancho,Sin horario de atención,,,,,-12.0147223,-76.9810398,Por la av. El Santuario,30000m²,242,Inventario Rogger Ravines (1985)
Sitios Arqueologicos,Manzanilla IID,-,San Martin de Porres,Sin horario de atención,,,,,-11.9685386,-77.0963311,Por la av. Canta callao,m²,48,-
Sitios Arqueologicos,Maranga Camino Epimural,Av. Urubamba,Cercado de Lima,Sin horario de atención,,,,,-12.0728783,-77.0809129,Por la Av. Universitaria,m²,67,-
Sitios Arqueologicos,Mariscal Castilla,-,San Juan de Lurigancho,Sin horario de atención,,,,,-11.932477,-76.6833526,Por la Carretera Central,8784m²,1050,"Milla, Carlos (1974)."
Sitios Arqueologicos,Matabuey A,-,San Juan de Lurigancho,Sin horario de atención,,,,,-12.0040718,-76.9034061,Por La Av. Cajamarquilla,4500m²,430,"Milla, Carlos (1974)."
Sitios Arqueologicos,Matabuey B,-,San Juan de Lurigancho,Sin horario de atención,,,,,-12.0048736,-76.902466,Por La Av. Cajamarquilla,4500m²,430,"Milla, Carlos (1974)."
Sitios Arqueologicos,Mateo Salado,Av. Mariano Cornejo cdra. 11.,Cercado de Lima,Sin horario de atención,,,,,-12.0657469,-77.0627767,Vehicular por la Av. Mariano Cornejo cdra. 11.,12000m²,16,"Augurto Calvo S. y Pazos Miguel, (1982). Junta Deliberante Metropolitana 
(1962-1963). Rogger Ravines (1985). Uni-Ford (1988)."
Sitios Arqueologicos,Melgarejo A,"Av. Melgarejo, cdra. 2",La Molina,Sin horario de atención,,,,,-12.0720947,-76.9365706,Vehicular por la Av. Melgarejo cdra. 2,2500m²,350,"Milla Villena, Carlos (1974). Uni-Ford( 1988)."
Sitios Arqueologicos,Michura,-,San Juan de Lurigancho,Sin horario de atención,,,,,-11.745699,-76.6963836,Final de la quebrada Huaycoloro,4500m²,3500,Carlos Milla Villena (1975).
Sitios Arqueologicos,Molle Alto,-,Cieneguilla,Sin horario de atención,,,,,-12.0804935,-76.773698,Por La Av. Huaycán,32076m²,,"Marcone Flores, Giancarlo (2004)."
Sitios Arqueologicos,Montículo 16-Maranga,Av. Riva Agüero,Cercado de Lima,Sin horario de atención,,,,,-12.0645326,-77.0826208,Por la av. Riva Agüero,120m²,70,Junta Deliberante Metropolitana (1962-1963).
Sitios Arqueologicos,Montículo 18-Maranga,Av. Jose de La Riva Agüero,Cercado de Lima,Sin horario de atención,,,,,-12.0632469,-77.0817293,Por la av. Riva Agüero,900m²,72,Carlos Milla Villena (1975). Junta Deliberante Metropolitana (1962-1963).
Sitios Arqueologicos,Montículo 64-Maranga,Av. Universitaria,Pueblo Libre,Sin horario de atención,,,,,-12.0672858,-77.0782342,Dentro de la universidad Católica del Peru.,2000m²,74,Carlos Milla Villena (1975). Junta Deliberante Metropolitana (1962-1963).
Sitios Arqueologicos,Montículo Chocas Bajo,-,Carabayllo,Sin horario de atención,,,,,-11.7387358,-76.9674337,"Por la carretera a Canta, a la altura de Chocas Ba",5000m²,540,Uni-Ford( 1988).
Sitios Arqueologicos,Montículos el Olivar,-,Carabayllo,Sin horario de atención,,,,,-11.727109,-76.9718181,Vehicular por la Carretera a Canta a la altura de la hacienda El Olivar,50000m²,512,Uni-Ford( 1988).
Sitios Arqueologicos,Murallas de Oquendo,Av. Los alisos,San Martin de Porres,Sin horario de atención,,,,,-11.9656942,-77.1212402,Por la av. Los alisos,635000m²,18,Agurto Calvo 1983a
Sitios Arqueologicos,Necrópolis Ancón,Av. La Florida,Ancón,Sin horario de atención,,,,,-11.7675822,-77.1662682,Vehicular por la Carretera Panamericana Norte,1000000m²,,"Kauffman Doig, Federico (1944)"
Sitios Arqueologicos,Nicolás de Piérola,-,San Juan de Lurigancho,Sin horario de atención,,,,,-11.9320772,-76.7210347,Faldas del cerro aledaño al AAHH,60000m²,1075,Carlos Milla Villena (1975).
Sitios Arqueologicos,Nievería Pirámide,-,San Juan de Lurigancho,Sin horario de atención,,,,,-11.9845437,-76.9133223,Vehicular por la Av. Chosica,12000m²,402,"Milla, Carlos (1974)."
Sitios Arqueologicos,Olivar 1,-,Carabayllo,Sin horario de atención,,,,,-11.7314094,-76.9812501,Vehicular por la Carretera a Canta a la altura de la hacienda El Olivar,10000m²,540,Uni-Ford( 1988).
Sitios Arqueologicos,Olivar 2,-,Carabayllo,Sin horario de atención,,,,,-11.7296569,-76.9811092,Vehicular por la Carretera a Canta a la altura de la hacienda El Olivar,40000m²,595,Uni-Ford( 1988).
Sitios Arqueologicos,Olivar 3,-,Carabayllo,Sin horario de atención,,,,,-11.7291916,-76.9817479,Vehicular por la Carretera a Canta a la altura de la hacienda El Olivar,2800m²,540,Uni-Ford( 1988).
Sitios Arqueologicos,Pacha Mama,-,San Juan de Lurigancho,Sin horario de atención,,,,,-11.9229425,-76.6692576,Por la Carretera Central,9477m²,920,"Milla, Carlos (1974)."
Sitios Arqueologicos,Palacio de Oquendo,-,Carabayllo,Sin horario de atención,,,,,-11.6704464,-76.9034004,Por la carretera a Canta hasta el pueblo de huarabi,2000m²,811,Uni-Ford( 1988).
Sitios Arqueologicos,Palacio Inca,-,San Miguel,9am-6pm,,,,,-12.0644369,-77.0929782,"Por la Av. Mariscal José de la Mar, cdra. 24",1364m²,,"Junta Deliberante Metropolitana (1962-1963). Asencios lindo, Gerbert 
(2009). Parque de las Leyendas (2011)."
Sitios Arqueologicos,Pampa de la Cueva,-,Independencia,Sin horario de atención,,,,,-11.9900513,-77.0545064,"Por la Av. Túpac Amaru, con Carlos Izaguirre",3000m²,91,Roger Ravines (1985).
Sitios Arqueologicos,Pampa de las Flores A,-,Pachacamac,Sin horario de atención,,,,,-12.1654209,-76.8382421,Por el camino cardal- Cieneguilla,130000m²,194,Uni-Ford( 1988).
Sitios Arqueologicos,Pampa de las Flores B,-,Pachacamac,Sin horario de atención,,,,,-12.1707464,-76.8393721,"Por el camino a Cardal-Cieneguilla,",m²,271,"Bonavia Duccio,1965, ""Arqueología de Lurín, 6 sitios de ocupación en la 
parte baja del valle"", ""Publicaciones del museo de la cultura 
peruana,Antropologica,Junio,Lima.(Ms) INVERMENT,Lima."
Sitios Arqueologicos,Pamplona,Av. Tomas Marsano,Surco,Sin horario de atención,,,,,-12.151904,-76.9826649,Por la Av. Tomas Marsano,-m²,60,Rogger Ravines (1985).
Sitios Arqueologicos,Pan de Azúcar,-,San Martin de Porres,Sin horario de atención,,,,,-11.9617846,-77.112361,Por la Av. Naranjal,61640m²,,"Paredes Olvera, Juan (2000)"
Sitios Arqueologicos,Pedreros A,-,San Juan de Lurigancho,Sin horario de atención,,,,,-12.0049267,-76.9433796,Dentro del Cementerio Huachipa,80000m²,334,"Inventario Rogger Ravines (1985) Inventario de Carlos Milla Villena (1974). 
Milla, Carlos (1974)."
Sitios Arqueologicos,Pedreros B,-,San Juan de Lurigancho,Sin horario de atención,,,,,-12.0042374,-76.9345971,Dentro del Cementerio Huachipa,20000m²,333,Inventario Rogger Ravines (1985) Inventario de Carlos Milla Villena (1974)
Sitios Arqueologicos,Piarle,Av. Ramiro Priale,El agustino/SJL,Sin horario de atención,,,,,-12.0320476,-76.9786783,av. Ramiro Priale a 700m dl peaje,m²,356,-
Sitios Arqueologicos,Piedra Liza (Templo),Carretera Cieneguilla,Cieneguilla,Sin horario de atención,,,,,-12.0515799,-76.7372771,Vehicular por la Carretera a Cieneguilla,63000m²,562,"Bueno, Alberto (1983). Uni-Ford (1988)."
Sitios Arqueologicos,Piedra Liza B,Carretera Cieneguilla km 34.,Cieneguilla,Sin horario de atención,,,,,-12.0439999,-76.7293394,Vehicular por la Carretera a Cieneguilla Km 34.,210000m²,750,Uni-Ford (1988).
Sitios Arqueologicos,Piedra Liza D,Carretera Cieneguilla,Cieneguilla,Sin horario de atención,,,,,-12.0544934,-76.7426318,Vehicular por la Carretera a Cieneguilla,20000m²,600,Uni-Ford( 1988).
Sitios Arqueologicos,Pingollo,-,Pachacamac,Sin horario de atención,,,,,-12.1208754,-76.816478,Por el camino de Cieneguilla a puente Manchay,250000m²,,Uni-Ford( 1988).
Sitios Arqueologicos,Potosí,Av. Riva Agüero,San Miguel,Sin horario de atención,,,,,-12.0642246,-77.0815164,Av. Universitaria,69m²,60,"Auguro Calvo S. y Pazos Miguel, (1982). Junta Deliberante Metropolitana 
(1962-1963). Carlos Milla V (1974). Roger Ravines (1985)"
Sitios Arqueologicos,Pueblo Viejo de Quilcai,-,Lurín,Sin horario de atención,,,,,-12.2829538,-76.8888259,Vehicular por la Carretera Panamericana Sur,26470m²,,-
Sitios Arqueologicos,Pueblo Viejo-Pucará,-,,Sin horario de atención,,,,,-12.2030326,-76.7998435,"Vehicular por la Av. Que sube por el cerro, desde la Av. Manzanos",26492m²,,"Makowski, Krzysztof; Vega Centeno, Milena (2004)"
Sitios Arqueologicos,Puente Inga B,-,San Martin de Porres,Sin horario de atención,,,,,-11.9507638,-77.0959739,Vehicular por la Av. San Diego de Alcalá,2786m²,,-
Sitios Arqueologicos,Puente Manchay I,-,Pachacamac,Sin horario de atención,,,,,-12.1440099,-76.8351461,Carretera a Cieneguilla puente Manchay,2000m²,,Uni-Ford( 1988).
Sitios Arqueologicos,Punta de la Virgen,-,Chorrillos,Sin horario de atención,,,,,-12.1682407,-77.0367121,Por la carretera que se dirige de Lima a la Herradura,12000m²,90,"Agurto Calvo, y M. Pazos (1982). Junta Deliberante Metropolitana 
(1962-1963). Ravines, Rogger (1985). Uni-Ford( 1988)."
Sitios Arqueologicos,Puruchuco,Pr. Javier Prado,Ate,9:00am- 4:00 pm,,,,,-12.0497003,-76.9360976,Vehicular por el km 11.5 de la Carretera Central.,9000m²,330,"Jiménez Borja, Arturo (1973). Carlos Milla V (1974). Rogger Ravines (1985). 
Uni-Ford (1989)."
Sitios Arqueologicos,Quebrad Golondrina II,-,Pachacamac,Sin horario de atención,,,,,-12.1571733,-76.821088,Por el camino Cardal Cieneguilla e la quebrada,2000m²,,Uni-Ford( 1988).
Sitios Arqueologicos,Quebrada Algodonales,-,Carabayllo,Sin horario de atención,,,,,-11.7314819,-76.9890378,Por la carretera a Canta a la altura del olivar,20000m²,,Uni-Ford( 1988).
Sitios Arqueologicos,Quebrada Cerro Botija,-,Pachacamac,Sin horario de atención,,,,,-12.171161,-76.8395495,Camino Pachacamac-Cieneguilla,18000m²,,Municipalidad Metropolitana de Lima (2001).
Sitios Arqueologicos,Quebrada d los Cóndores,Carretera -,San Juan de Lurigancho,Sin horario de atención,,,,,-11.9934079,-76.7245263,Final de la Quebrada,m²,1512,-
Sitios Arqueologicos,Quebrada Golondrina,-,Pachacamac,Sin horario de atención,,,,,-12.1577794,-76.8305918,Por el camino afirmado de Cardal a Cieneguilla.,60000m²,,Uni-Ford( 1988).
Sitios Arqueologicos,Quebrada Golondrina III,-,Pachacamac,Sin horario de atención,,,,,-12.1612845,-76.8268122,Por el camino de Pachacamac a Cieneguilla.,40000m²,,"Augurto Calvo, Santiago (1982). Registro de los monumentos prehispánicos de 
la comarca de Lima. INVERMENT."
Sitios Arqueologicos,Quebrada Tambo Inga,-,Pachacamac,Sin horario de atención,,,,,-12.1578356,-76.8357462,"Por el camino a Cardal-Cieneguilla,",9000m²,187,"Bonavia Duccio,1965, ""Arqueología de Lurín, 6 sitios de ocupación en la 
parte baja del valle"", ""Publicaciones del museo de la cultura 
peruana,Antropologica,Junio,Lima.(Ms) INVERMENT,Lima."
Sitios Arqueologicos,Quirio A,-,San Juan de Lurigancho,Sin horario de atención,,,,,-11.9430117,-76.7171745,"Por la Carretera central, con la Cl. Santa Rosa",5152m²,875,"Milla, Carlos (1974)."
Sitios Arqueologicos,Quirio B,-,San Juan de Lurigancho,Sin horario de atención,,,,,-11.94131,-76.7175494,"Por la Carretera central, con la Cl. Santa Rosa",7848m²,893,"Milla, Carlos (1974)."
Sitios Arqueologicos,Río Seco 2,Carretera Cieneguilla km 11.5,Cieneguilla,Sin horario de atención,,,,,-12.0674332,-76.749163,Vehicular por la Carretera a Cieneguilla,50000m²,650,Uni-Ford (1988).
Sitios Arqueologicos,Ruinas de Carapongo B,-,San Juan de Lurigancho,Sin horario de atención,,,,,-11.9931722,-76.8750877,Por la ex hacienda Carapongo,25000m²,498,Carlos Milla Villena (1975).
Sitios Arqueologicos,Salto del Fraile,Av. Paseo Billingursth,Chorrillos,Sin horario de atención,,,,,-12.1718455,-77.0344429,Por la Av. Huaylas,500m²,24,"Agurto Santiago (1982), Registro Arqueológico de los monumentos 
prehispánicos de la comarca de lima, INVERMENT. Fung Rosa (1972), ""El 
temprano surgimiento del Estado en el Perú y los sistemas sociopolíticos 
complejos"". Patterson and Mosley(1960), Late"
Sitios Arqueologicos,San Fernando,Calle. Parcachillaco,Pachacamac,Sin horario de atención,,,,,-12.2163139,-76.8538928,Vehicular por la Av. M. Fernando Reusche (pelicano),1400m²,78,Uni-Ford( 1988).
Sitios Arqueologicos,San Francisco,-,Cieneguilla,Sin horario de atención,,,,,-12.0645654,-76.7552704,Por la Av. D,2000m²,,"Proyecto Arqueológico Tablada de Lurín (2007).Marcone Flores, Giancarlo 
(2004)."
Sitios Arqueologicos,San Juan de Pariachi,"Alt. Del Grifo ""Pariachi"" Carretera Central",Ate Vitarte,Sin horario de atención,,,,,-12.0147079,-76.8675971,Por la Carretera Central,m²,472,"Pedro Villar Córdova (1935). Luis Felipe Villacorta (2001-2004-2005). Julio 
C. Tello (1999). Rogger Ravines (1985)"
Sitios Arqueologicos,Santa Lucía,Av. 200 millas,Carabayllo,Sin horario de atención,,,,,-11.9807028,-77.11327,Por la Av. Sicilia,4402m²,,-
Sitios Arqueologicos,Santa Maria,-,San Juan de Lurigancho,Sin horario de atención,,,,,-11.9388267,-76.7347927,Por el S.A. Yanacoto,m²,1141,-
Sitios Arqueologicos,Sector 11,Av. Universitaria,Cercado de Lima,Sin horario de atención,,,,,-12.0578493,-77.0819907,"UNMSM, Facultad CCSS",600m²,72,"Proyecto de Investigaciones Arqueológicas, Huaca San Marcos, Cecilia Jaime 
Tello,"
Sitios Arqueologicos,Tablada de Lurín I,Av. Por la av. Lima,Lurín,Sin horario de atención,,,,,-12.1833504,-76.9158564,-,m²,,-
Sitios Arqueologicos,Tambo Viejo,Carretera Calle 7,Cieneguilla,Sin horario de atención,,,,,-12.1151387,-76.8007496,Por la Av. Nueva Toledo,m²,311,-
Sitios Arqueologicos,Tijerales,-,Cieneguilla,Sin horario de atención,,,,,-12.1175537,-76.8019049,Por la Av. Luis Felipe de las Casas,19311m²,,"Proyecto Arqueológico Tablada de Lurín (2007). Marcone Flores, Giancarlo 
(2004)."
Sitios Arqueologicos,Trujillo 8,Av. 5 de agosto (Las Torres),San Juan de Lurigancho,Sin horario de atención,,,,,-12.0038176,-76.9101987,Vehicular por la Av. Cajamarquilla,15000m²,300,"Augurto Calvo S. y Pazos Miguel, (1982). Villar Córdova (1935). Uni-Ford 
(1988)."
Sitios Arqueologicos,Túpac Amaru A,"Av. El aire, cdra. 11",San Luis,Sin horario de atención,,,,,-12.0791952,-76.9996875,"Vehicular por la Av. El aire, cdra. 11.",1250m²,162,"Ravines, Rogger (1985). Uni-Ford (1988)."
Sitios Arqueologicos,Villa el Salvador,-,Villa el Salvador,Sin horario de atención,,,,,-12.226683,-76.9195312,-,40000m²,157,Rogger Ravines (1985).
Sitios Arqueologicos,Zona Arq de Mangomarca,Av. El Santuario,San Juan de Lurigancho,Sin horario de atención,,,,,-12.0159366,-76.9793134,Por la av. Evitamiento,17000m²,286,Inventario Rogger Ravines (1985)
Historia,Casa de la Gatronomía Peruana,Jr. Conde de Superunda 170,Centro Histórico de Lima,Mar-Dom de 9am- 5pm,Ingreso Libre,4267264,direccion_museos@mcultura.gob.pe aleon@mcultura.gob.pe,-,,,,,,
Historia,Casa de la Literatura Peruana,Jr. Ancash 207,Centro Histórico de Lima,Mar-Dom de 10:30 am - 7:00pm,Ingreso Libre,4262573,casadelaliteratura@gmail.com,www.casadelaliteratura.gob.pe,,,,,,
Historia,Casa Museo Bodega y Quadra,Jr. Ancash Lima 209-217,Centro Histórico de Lima,Mar-Dom de 9am- 5pm,Ingreso Libre,4270675,mfhon@emilima.cm.pe,-,,,,,,
Historia,Museo Casa José Carlos Mariátegui,Jr. Washington 1946,Centro Histórico de Lima,Mar-Vier 9-1 y de 2-5:45/Sábado 9-1 p.m.,Ingreso Libre,3306074,casamariategui@mcultura.gob.pe,http://mariategui.org,,,,,,
Historia,Museo de Sitio Cerro San Cristóbal,Cerro San Cristóbal,Centro Histórico de Lima,Lun -Dom 9-6 p.m.,Adulto 5 y escolar 1,7131358,Ministerio de Cultura,-,,,,,,
Historia,Museo Combatientes del Morro de Arica,Jr. Cailloma 125,Centro Histórico de Lima,Lun -Vier 9-3 Sáb de 9 -1,Adulto 3 Estudiante 2 Extranjero 5,4270958,bolognesi.museos@hotmail.com,-,,,,,,
Historia,"Museo de la Compañía de Bomberos ""La Salvadora"" Lima 10",Jr. de la Unión 1027,Centro Histórico de Lima,Lun-Dom 8 a.m.-8 p.m.,Ingreso Libre,4280288,rigcavi@hotmail.com,-,,,,,,
Historia,Museo Electoral y de la Democracia,Av. Nicolás de Piérola 1070,Centro Histórico de Lima,Lun-Ver 8-4,Ingreso Libre,3111700 Anexo 2031,museoelectoral@jne.gob.pe,-,,,,,,
Historia,Museo Gráfico el Peruano,Jr. Quilca 556,Centro Histórico de Lima,Lun -Vier 9-5,Ingreso Libre,3150400 Anexo 2210,-,www.editoraperu.com.pe,,,,,,
Historia,Museo de la Identificación - RENIEC,"Av. Bolivia 144. Torre II, piso 2º. Centro Cívico de Lima",Centro Histórico de Lima,Lun -Dom 9-5,Ingreso Libre,3152700 Anexo 1158,museo@reniec.gob.pe,-,,,,,,
Historia,Museo del Congreso y de la Inquisición,Jr. Junín 548,Centro Histórico de Lima,Lun-Viern 9-5,Ingreso Libre,3117777,museo@congreso.com.pe,www.congreso.gob.pe,,,,,,
Historia,Museo Metropolitano de Lima,Av. 28 de Julio con Av. Garcilaso de la Vega,Centro Histórico de Lima,Mar -Dom9-5,Tarifa general S/: 4,4337122,,https://www.facebook.com/pages/Museo-Metropolitano-de-Lima/223846547692079,,,,,,
Historia,Museo Numismático del Perú,Jr. Junín 871 (Tribunal de Cuentas),Centro Histórico de Lima,,Ingreso Libre,613200 Anexo 5951,museo@bcrp.gob.pe,http://www.viabcp.com/zona_publica/04_banco/index.asp?SEC=4&JER=1845,,,,,,
Historia,Museo Taurino Plaza de Toros Acho,Jr. Hualgayoc 332,Centro Histórico de Lima,Lu-Vie 8:30- 4:30,"Nac3, Extr 5 y Niños 1",4811467,emoreno@sblm.gob.pe,-,,,,,,
Historia,Museo Municipal del Teatro,Jr. Huancavelica 332,Centro Histórico de Lima,Martes a Domingo de 9:30 a 5:00,Ingreso Libre,2098400,teatrosmunicipales@munlima.gob.pe,-,,,,,,
Historia,Museo Panteón Nacional de los Próceres,Parque Universitario (Casona de San Marcos),Centro Histórico de Lima,Lun-Dom 10-5,Publico General S/.1,4278157,elisa_ruavargas@yahoo.es,-,,,,,,
Historia militar,"Museo Naval (sede Lima, Casa Grau)",Jr. Huancavelica 172,Centro Histórico de Lima,Mie-Dom 9-3,"Adulto2, Estudiante1",4285012,jairomerov@hotmail.com,-,,,,,,
Historia militar,Museo de la Policía,"Jr. Huanta 706 (Plaza Italia) Barrios Altos, Lima.",Centro Histórico de Lima,Lun-Vie 9-2,Ingreso Libre,4270180,grcalder@pucp.edu.pe,www.museodelapoliciadelperu.org,,,,,,
Religiosa,Museo de Arte Religioso de la Catedral de Lima,"Jr. Carabaya s/n, Plaza Mayor",Centro Histórico de Lima,"Mar-Dom 9-5, Sáb 10-1",Adulto 10. Escolar 2,4279647,catedraldelima@yahoo.es,www.arzonispadodelima.org,,,,,,
Religiosa,Museo Cementerio Presbítero Matías Maestro,Jr. Ancash 1611,Centro Histórico de Lima,Lun -Vie 9-4:30 pm,Adulto 20 Niño 10,3852117,comunicaciones@sblm.gob.pe,http://www.agotur.com/atractive_detail.php?sub=28&id=21,,,,,,
Religiosa,Museo del Convento de Santo Domingo,Jr. Camaná 170,Centro Histórico de Lima,Lun-Dom 9:30-6:30,"Adulto 5, Univer 3, Escolar1",7341190,mailto:adm.santodomingo@gmail.com,-,,,,,,
Religiosa,Museo Palacio Arzobispal de Lima,"Jr. Carabaya s/n, Plaza Mayor",Centro Histórico de Lima,Mar-Dom 9-5,"Adulto 20, Niño Gratis",4275790,palacioarzobispal@gmail.com,-,,,,,,
Religiosa,Museo del Convento de Los Descalzos,Manco Cápac 202 - A,Centro Histórico de Lima,Mier-Lun9:30-1 y de 2-5:30,"Adulto 5, Est y Jub 3, Niños 2",4810441,coordina@descalzosdelrimac.org,no abren martes,,,,,,
Religiosa,Museo y Catacumbas del Convento San Francisco de Asís,Jr. Ancash Cdra 3 y Lampa,Centro Histórico de Lima,Lun-Dom 9:30-5:30,"Adulto 7Univer 3,5 y Escolar 1",7197188,informes@museocatacumbas.com,http://www.museocatacumbas.com/index.php,,,,,,
"Arqueología, antropología y etnografía",Museo de Sitio Parque de la Muralla,Natalio Sánchez 220 - 8vo piso - Jesús María Jr. Lampa cdra. 1 y Amazonas.,Centro Histórico de Lima,Lunes a viernes de 10 a.m. a 7 p.m. / Sabado y Domingo de 10 a.m. a 8 p.m.,Entrada general: S/.1,4331635,jlerrea@hotmail.com,-,,,,,,
"Arqueología, antropología y etnografía","Museo de Antropología, Arqueología e Historia (UNFV)",Av. Nicolás de Piérola 352,Centro Histórico de Lima,Lun-Vie 9-1 y de 2-5,Ingreso Libre,3817141,mpazosarq@gmail.com,-,,,,,,
"Arqueología, antropología y etnografía",Museo de Arqueología Josefina Ramos de Cox,Plaza Francia-Jr. Rufino Torrico 1164-Lima,Centro Histórico de Lima,Mar-Vier 9-5,Ingreso Libre,6266600,iaguila@pucp.edu.pe; majrc@pucp.edu.pe,http://www.pucp.edu.pe/ira/?museo_arqueo_pres.htm,,,,,,
"Arqueología, antropología y etnografía",Museo de Arqueología y Antropología ( UNMSM),Av. Nicolás de Piérola 1222,Centro Histórico de Lima,Lun-Vie 10-1 y de 2-5,Ingreso Libre,6197000,museoarql.ccsm@unmsm.edu.pe,http://www.ccsm-unmsm.edu.pe/arqueologia/E32,,,,,,
"Arqueología, antropología y etnografía",Museo de Artes y Tradiciones Populares del IRA de la PUCP,Jr. Camaná 459,Centro Histórico de Lima,Lun-Vier 10-1 y de 2-7,"Adulto 2, Niños, Est Y",6266600,matp@pucp.edu.pe; cmmendoza@pucp.edu.pe; lrepetto@pucp.edu.pe,http://www.pucp.edu.pe/ira/C32,,,,,,
"Arqueología, antropología y etnografía","Museo Etnográfico Amazónico del Centro Cultural ""José Pío Aza""",Jr. Callao 562,Centro Histórico de Lima,Lun-Vier 9-5,Adul 2 y Est 1,3310771,solidaridad@selvasperu.org; prensa@selvasperu.org; informes@selvasperu.org,"J33=HYPERLINK(""http://www.selvasperu.org/museo_index.html"",""http://www.selvasperu.org/museo_index.html"")",,,,,,
"Arqueología, antropología y etnografía",Museo Nacional Afroperuano,Jr. Ancash 536,Centro Histórico de Lima,Lun-Vie 9-1 y 2-5,Ingreso Libre,3150400,museonacionalafroperuano@hotmail.com,-,,,,,,
"Arqueología, antropología y etnografía",Museo Nacional de la Cultura Peruana,Av. Alfonso Ugarte 650,Centro Histórico de Lima,Mar-Sáb 10-5,"Adul 5 Est, jub, Prof 2 Esco1",4235892,mncp@inc.gob.pe,http://museodelacultura.perucultural.org.pe/,,,,,,
Ciencia y tecnología,"Museo ""Andrés del Castillo""",Jr. de la Unión 1030,Centro Histórico de Lima,Mier-Lun 9-6,"Adulto 10, Ms de 60 y Univ 5",4332831,museo@madc.com.pe,museo@madc.com.pe,,,,,,
Ciencia y tecnología,Museo de Neuropatología,Jr. Ancash 1271,Centro Histórico de Lima,Lun-Sab 8-2,PG 3,4117768 Anexo 278,diana.rivas@laposte.net,-,,,,,,
Arte,Museo de Arte de Lima (MALI),Paseo Colón 125,Centro Histórico de Lima,"Mar -Dom 10-8, Sáb 10-5",Dom 1,4234732,informes@mali.pe,http://museoarte.perucultural.org.pe/,,,,,,
Arte,Museo de Arte Italiano de Lima,Paseo de la República 250,Centro Histórico de Lima,Mar-Dom 10-5,"Adul 5, Uni2 Esc 1",4239932,museodearteitaliano@mcultura.gob.pe,-,,,,,,
Arte,Museo de Arte de la UNMSM,"Av. Nicolás de Piérola 1222, Cercado",Centro Histórico de Lima,Lun-Vie 10-1 y de 2-5,Ingreso Libre,6197000 Anexo 5204,museoarte.ccsm@unmsm.edu.pe,http://www.ccsm-unmsm.edu.pe/arte/H40,,,,,,
Arte,Museo del Banco Central de Reserva del Perú,Esquina Jr. Ucayali 271 y Jr. Lampa,Centro Histórico de Lima,Mar -Vie 10-4:30 Sáb y Dom 10-1,Ingreso Libre,6132000 Anexo 2655,marialuisa.zuniga@bcrp.gob.pe,http://www.bcrp.gob.pe/proyeccion-institucional/museo.,,,,,,
Arte,Pinacoteca Ignacio Merino,Jr.Conde de Superunda 141 (Palacio Municipal),Centro Histórico de Lima,Lun-Vier 8:30-4,Ingreso Libre,3151539,pinacoteca@munlima.gob.pe,-,,,,,,
Arte,Casa Museo Ricardo Palma,General Suárez 189 Miraflores,Lima Metropolitana,Lun-Vier: 9:30 - 5,PG 6 Y Est y Júb 3,4455836,lacasade.ricardopalma@gmail.com,http://ricardopalma.miraflores.gob.pe/,,,,,,
Arte,"Museo Compañia de Bomberos Voluntarios ""Italia N5""",Facultad de Ingeniería de Minas PUCP Av. Universitaria 101San Miguel,Lima Metropolitana,Lun-Sáb 9-5,Ingreso Libre,4290318,,museobomberos.perucultural.org.pe/,,,,,,
Arte,Museo de la Inmigración Japonesa,Av. Gregorio Escobedo 803 Jesús María,Lima Metropolitana,Lun-Vier 10-6,Ingreso Libre,518 74 50 Anexo 1031,muse@apj.org.pe,http://www.facebook.com/pages/Museo-de-la-Inmigraci%C3%B3n-Japonesa-al-Per%C3%BA-Carlos-Chiyoteru-Hiraoka/169670499806554,,,,,,
Arte,Museo Aeronáutico,"Base Aerea Las Palmas, Surco",Lima Metropolitana,Lunes a Viernes de :8-1 y de 2-4,-,213-5200 Anexo 6005,museo_fap@fap.mil.pe,http://www.incaland.com/MuseoFAP/BIENVENIDA.htm,,,,,,
Arte,Museo Andrés Avelino Cáceres,Parque ReductoN 02 Ramón Ribeyro 401 Miraflores,Lima Metropolitana,Lun-Sab 10-5,"Adulto 5, Est 2",6177279,luisgraga@hotmail.com,-,,,,,,
Arte,Museo Complejo Histórico Benemérita Guardia Civil del Perú,"Calle Mayor GC BernardoBalaguer Morales s/n(km.19,5 Carretera Central) Ñana 
Chaclacayo Chaclacayo",Lima Metropolitana,Lun-Vier 10-5,"Adulto 10, Niño 6",359 34 39,ricardopiscontemartinez@hotmail.com,-,,,,,,
Arte,Museo del Ejército Fortaleza del Real Felipe,Plaza Independencia Callao,Lima Metropolitana,Lun -Dom9-2,"Extra 12, Adut 6, Niño 3",4290532,jacintoramirez@hotmail.com-fortalezadelrealfelipe@hotmail.com,-,,,,,,
Arte,Museo Monumento al Valor Militar Chavín de Huántar,Ca. Camino Real con Av. Las Palmas s/n -Chorrillos,Lima Metropolitana,Lun-Sáb 9-3,Gratuito,2523541,,-,,,,,,
Arte,Museo Naval del Perú,Jirón José Galvez123 Callao,Lima Metropolitana,Mar-Dom 9-2,"Adulto 3, Niño 2",4294793 Anexo 6794,informes@museonaval.com.pe,-,,,,,,
Arte,Museo de sitio Submarino Abtao,Av. Jorge Chávez120 A Callao,Lima Metropolitana,Mar-Dom 9:30-4:30,"Adulto 10, Niño 5",7956900,museo.abtao@hotmail.com,-,,,,,,
Arte,Museo de Sitio de Ancón,Prolongación Jorge Chávez s/n- Ancon,Lima Metropolitana,Lun-Dom 8-1y de 2-6,EG1,5521162,museodeancon@hotmail.com-justo.caceres@hotmail.com,-,,,,,,
Arte,Museo de Sitio Arturo Jiménez Borja -Puruchuco,"Puruchuco Carretera Central, km 4,5 Ate",Lima Metropolitana,Mar-Dom 9-4,"Adulto y Extr5, Uni y prof 2, Esc1",4942641,museopuruchuco@mcultura.gob.pe,-,,,,,,
Arte,Museo de Sitio Ernest W.Middendorf,Av. Las Leyendas 500 Parque de las Leyendas San Miguel,Lima Metropolitana,Previo pago el parque de las leyendas,,719 2879,lucenida.carrion@leyendas.gop.pe,-,,,,,,
Arte,Museo de Sitio Huaca Pucllana,General Borgoño cuadra 8 s/n.Miraflores,Lima Metropolitana,Mar-Dom9-5,"Adulto12, Univ y prof5, Esco y Jub 1",6177148,huacapucllana@hotmail.com,-,,,,,,
Arte,Museo de Sitio Huallamarca,NicolásdeRibera 201 San Isidro,Lima Metropolitana,Mar-Dom9-6,"Adulto5,Uni, Pro y Jub 3, Esco 1",,museohuallmarca@mcultura.gob.pe,-,,,,,,
Arte,Museo de sitio Pachacamac,km.31.5 de la antigua PanamericanaSur Lurín,Lima Metropolitana,Mar-Sáb9-5,"Adulto 8, Est, Prof y Jub 4, Esc1",4302115,dbozzi@mcultura.gob.pe,-,,,,,,
Arte,Fundación Museo Amano,Calle Retiro 160 Miraflores,Lima Metropolitana,"Lun-Vie (3,4 y5 previa cita)",Contribución voluntaria,4412909,museo@fundacionmuseoamano.org.pe,-,,,,,,
Arte,"Museo Nacional de Antropología, Biodiversidad, Agricultura y Alimentación 
(UNALM)",Ca. Camilo Carrillo 325-A,Lima Metropolitana,Lun-Vie8:30-12:30 y de 2-3:30,-,4250961,museodeantropologia@lamolina.edu-pe,-,,,,,,
Arte,Museo Colli,"Pasaje Libertad Lote 5, Mza LL de la 3ra Zona de Collique - Comas",Lima Metropolitana,Lun-Dom8-4,-,5202348,niquin1951@gmail.com,-,,,,,,
Arte,Museo Larco,Av. Bolívar 1515 Pueblo Libre,Lima Metropolitana,Lun-Dom9-10,"Adulto30, Adult mayor 25, Estudiante15",4611312,webmaster@museolarco.org,http://www.museolarco.org/,,,,,,
Arte,Museo Victoria Chi Fu de Lam,"Colegio peruano chibo Juan XXIII, Jr. Castilla 842- San Miguel",Lima Metropolitana,Lun-Vier8-3:30,….,6142323,juan23@juan23.edu.pe,MUSEO NO ABIERTO PARA EL PÚBLICO,,,,,,
Arte,Museo Antonio Raimondi,Av La Fontana 755 La Molina,Lima Metropolitana,Lun-Vier8-4,"Previa cita, gratuito",614 9700 Anexo 132,lfvillacorta@raimondi.edu.pe,www.museoraimondi.org.pe,,,,,,
Arte,"Museo Regional de Arqueología, Antropología e Historia Juan José Vega Tello",Kilomtro 25.2 CARRETERA Lima -Canta Carabayllo,Lima Metropolitana,Lun-Dom9-4,"Adulto 3, Niños 2",7935123,colliruna@hotmail.com,-,,,,,,
Arte,Museo de la Nación,Av. Javier Prado Este 24 65 San Borja,Lima Metropolitana,Mar-Dom9-5,,4769933,mnacion@mcultura.gob.pe,-,,,,,,
Arte,"Museo Nacional de Arqueología, Antropología e Historia del Perú",Plaza Bolívar s/n Pueblo Libre,Lima Metropolitana,"Mar-Sáb9-5, Dom 9-4","Adulto10, Uniy Júb 5 Esc2",4635070,andresac@museolarco.org,-,,,,,,
Arte,Museo de Oro y Armas del Mundo,Av. Alonso de Molina 1100 Surco,Lima Metropolitana,Lun-Dom 10:30-6,"Adultos33,Niños menores de 11 años 16",3451271,info@museoroperucom.pe,-,,,,,,
Arte,Asociación Museo del Automóvil,Av. La Molina Cuadra 9. Urbanización el Sol de la Molina. La Molina,Lima Metropolitana,Lun-Dom 9:30-7,"Adulto 20, Niños 10",3680373,jnicolini@infonegocios.com,www.museodelautomovilnicolini.com,,,,,,
Arte,Museo de la Electricidad,Av. Pedro de Osma 105 Barranco,Lima Metropolitana,Lun-Dom 9-5,Gratuito,4776577,museoelectri@speedy.com.pe,-,,,,,,
Arte,Museo de Entomología Klaus Raven (UNALM),Universidad Nacional Agraria Av. La Universidad s/n. La Molina,Lima Metropolitana,,Entrada G 5 Esc 3,6147800 Anexo 300,museo@ciaraimondi.edu.pe,www.lamolina.edu.pe,,,,,,
Arte,Museo Geológico y Panteológico,Av. Tupac Amaru210 (km.4.5) Rímac,Lima Metropolitana,"Lun-Vier 9-4, previa cita","Est estatal 1, est parti y pg3",3822174,www.uni.edu.pe,-,,,,,,
Arte,Museo George Petersen (PUCP),Facultad de Ingeniería de Minas PUCP Av. Universitaria 101San Miguel,Lima Metropolitana,Lun-Vier 8-1 de 2-5,Gratuito,626000,www.pucp.edu.pe,-,,,,,,
Arte,Museo de Historia Natural,UNMSM Av. Arenales 1256 Jesús María,Lima Metropolitana,Lun-Sáb9-5 y de Dom-10-2,"Adulto7, Niño5, Serv Guiado25",2656819,,-,,,,,,
Arte,Museo de Historia Natural Vera Alleman (URP),Universidad Ricardo Palma Av. Benavides 5440 Surco,Lima Metropolitana,Lun-Vier9-4,"Público 7, Est 5",7080000 Anexo 2271,mhn-urp@urp.edu.pe,-,,,,,,
Arte,Museo Histórico de Ciencias Físicas,"Av. Venezuela cuadra 34 (ambientes 306-307-308)Tercer piso facultad de 
ciencias Físicas)UNMSM",Lima Metropolitana,Lun-Vier 9-1,"Alumnos 5, Inst del Estado 3",619 7000 Anexo 3809,mhcf@unmsm.edu.pe,-,,,,,,
Arte,Museo del Petroleo,Parque de las Leyendas Av. Las Leyendas 500 San Miguel,Lima Metropolitana,-,"Leyendas: adulto 10, niño 5",945142706,relacionescorporativas@petroperu.com.pe / xpoblet@petroperu.com.pe,-,,,,,,
Arte,Museo de Arte Colonial Pedro de Osma,Av. Pedro de Osma 421 Barranco,Lima Metropolitana,Mar-Dom 10-6,"General20, Est y adulto mayor10",4670141,museo@fudacionosa.org,www.museopedrodeosma.org.pe,,,,,,
Arte,Museo de Arte Contemporaneo de Lima,Av Grau 1511- Barranco,Lima Metropolitana,Mar-Dom9-7,Ingreso Libre,4670141,contacto@mac-lima.org.pe/arocarey@mac-lima.org.pe,http://mac-lima.org.pe,,,,,,
Arte,Museo Capitàn de Navío Juan Faninning García,Base d eInfantería de Ancón,Lima Metropolitana,-,-,4883242,-,-,,,,,,
Arte,Museo de Antropología y Agricultura prehispánica,Mar-Dom 10-5,Lima Metropolitana,"Lun-Vier 9-5:15, Sáb 9-4:30, Dom 10-1:30","Adulto 7, Niñ y Est5",4710117,-,-,,,,,,
Arte,Parque de la Imaginación,Av. Riva Agüero s/ncuadra 8 San Miguel,Lima Metropolitana,Temporalmente cerrado,-,6281804,informes@parquedelaimaginacion.com,-,,,,,,
Arte,Museo de Arte Fernando Saldias,Av.Petit Touars 2399 Lince,Lima Metropolitana,Lun-Vier 6-9,"Adulto 20, Jub Niñ y Est 10",422 6749,aureiperu@gmail.com,http://artistasplasticosperu.blogspot.com/2010/10/inauguracion-del-museo-de-arte-fernando.html,,,,,,
Arte,Museo Manos Peruanas,Comandante Juan More 199 Miraflores,Lima Metropolitana,Lun-Vier10-5,-,4466951,manosperuanas@raymisa.com,http://www.raymisa.com,,,,,,
Arte,Museo Santuario Coronel Leoncio Prado,Colegio Militar Leoncio PradoAv. Costanera 1545 La Perla,Lima Metropolitana,-,-,4204118,,,,,,,,
Arte,Museo de Sitio Alejandro Miro Quesada Garland,Prolongación Jorge Chavez s/n-Ancón,Lima Metropolitana,-,-,5521162,museodeancon@hotmail.com,http://www.museodeancon.com/,,,,,,
